ID_007FAIEI.jpg,0
ID_00G8K1V3.jpg,1
ID_00WROUT9.jpg,1
ID_00ZJEEK3.jpg,2
ID_018UIENR.jpg,1
ID_01QZDXVQ.jpg,0
ID_02PX7GI8.jpg,1
ID_02PX7GI8.jpg,1
ID_03WE3EVQ.jpg,1
ID_052XYWUM.jpg,0
ID_055U1LPM.jpg,0
ID_058OQ45J.jpg,1
ID_05A7I1ZP.jpg,0
ID_05A7I1ZP.jpg,0
ID_05G9F711.jpg,1
ID_05R05ZLJ.jpg,2
ID_05V8XX4L.jpg,0
ID_05V8XX4L.jpg,0
ID_06EXUMWA.jpg,2
ID_06GLI7SR.jpg,2
ID_06KI6V1N.jpg,1
ID_06N0H7F1.jpg,2
ID_06N0H7F1.jpg,2
ID_07HGJOFB.jpg,2
ID_07HGJOFB.jpg,2
ID_07HGJOFB.jpg,2
ID_07MFGPW3.jpg,2
ID_07MFGPW3.jpg,2
ID_08A3G5RD.jpg,2
ID_08K42EBS.jpg,1
ID_08PV7SQB.jpg,2
ID_09C4OIQT.jpg,1
ID_09WS71T3.jpg,2
ID_0A1VFEP3.jpg,1
ID_0ACABJ4D.jpg,1
ID_0APCI9O1.jpg,2
ID_0B07EJ8B.jpg,0
ID_0BFNU714.jpg,1
ID_0C374A9P.jpg,1
ID_0CISYX8S.jpg,1
ID_0CXLC2N5.jpg,0
ID_0CY1QTWS.jpg,2
ID_0DMO6F68.jpg,0
ID_0EPVFVTF.jpg,2
ID_0F7W3N7K.jpg,1
ID_0FNZJF6B.jpg,1
ID_0FP6JEZQ.jpg,2
ID_0FP6JEZQ.jpg,2
ID_0GBCSTHR.jpg,2
ID_0GBCSTHR.jpg,2
ID_0H3KHKRV.jpg,2
ID_0H68C2ZJ.jpg,0
ID_0HUIQ8FI.jpg,2
ID_0HWBQ5O5.jpg,2
ID_0J2DOODF.jpg,2
ID_0JAK8QSJ.jpg,2
ID_0JOUSB83.jpg,2
ID_0JOUSB83.jpg,2
ID_0JOUSB83.jpg,2
ID_0KYI1FGP.jpg,0
ID_0LMJ61A2.jpg,0
ID_0LO14LKW.jpg,2
ID_0LZMACHS.jpg,1
ID_0NJZTSMZ.jpg,1
ID_0NYVMY7R.jpg,2
ID_0O0ENHRD.jpg,2
ID_0OK0ZGEJ.jpg,2
ID_0OK0ZGEJ.jpg,2
ID_0ONXVO0U.jpg,2
ID_0PDBN2WB.jpg,2
ID_0PDBN2WB.jpg,2
ID_0PDBN2WB.jpg,2
ID_0QTDR6JA.jpg,1
ID_0RBF0NUX.jpg,1
ID_0RTEJ69Z.jpg,0
ID_0RYW3APB.jpg,2
ID_0S1J1BX0.jpg,0
ID_0S642DXA.jpg,0
ID_0SZ8CX5Z.jpg,1
ID_0TOSPSKI.jpg,1
ID_0U323BJY.jpg,1
ID_0U323BJY.jpg,1
ID_0U7IM2K7.jpg,2
ID_0U7IM2K7.jpg,2
ID_0VEO3MWG.jpg,0
ID_0VM4L0BV.jpg,0
ID_0VWM4W9V.jpg,0
ID_0VWM4W9V.jpg,0
ID_0WI80UEN.jpg,0
ID_0WS2L54F.jpg,2
ID_0X0QGVK3.jpg,0
ID_0X0QGVK3.jpg,0
ID_0XK8FIU7.jpg,1
ID_0XL4GFEG.jpg,1
ID_0Y8I7N0K.jpg,2
ID_0Y8I7N0K.jpg,2
ID_0YOHMRCG.jpg,0
ID_10FHV8KR.jpg,1
ID_10NJ9FTJ.jpg,2
ID_10NJ9FTJ.jpg,2
ID_10UELAXU.jpg,2
ID_10UELAXU.jpg,2
ID_11MA23BO.jpg,2
ID_12KGCZGT.jpg,0
ID_12KXY85J.jpg,1
ID_12NUBJO7.jpg,0
ID_130UKKIQ.jpg,0
ID_137V5ZGA.jpg,2
ID_13DOIJXI.jpg,2
ID_13DOIJXI.jpg,2
ID_13DOIJXI.jpg,2
ID_13DOIJXI.jpg,2
ID_13KLHZ84.jpg,2
ID_13RO29TQ.jpg,2
ID_13S0X1B7.jpg,2
ID_14WJ2G5F.jpg,2
ID_14WJ2G5F.jpg,2
ID_14XDYDIZ.jpg,0
ID_1556EWHZ.jpg,2
ID_155F7V9D.jpg,2
ID_159F8L4G.jpg,0
ID_15I17L8O.jpg,0
ID_15NA5PT4.jpg,2
ID_15NA5PT4.jpg,2
ID_1683INT6.jpg,0
ID_16NU2S2G.jpg,2
ID_18B7GZ7X.jpg,2
ID_18I4OXJC.jpg,0
ID_18JZHIGV.jpg,0
ID_18K75Z5R.jpg,0
ID_18K75Z5R.jpg,0
ID_1925W2TG.jpg,1
ID_19Q70DH0.jpg,2
ID_1A3M5B3O.jpg,1
ID_1AIDFP93.jpg,1
ID_1ASKO79S.jpg,0
ID_1AY9J44D.jpg,2
ID_1B7BG67C.jpg,1
ID_1B9Y5BWW.jpg,0
ID_1CEUOSGT.jpg,0
ID_1CEUOSGT.jpg,0
ID_1CHA3ARZ.jpg,1
ID_1EPW80PA.jpg,1
ID_1FUN5QO7.jpg,2
ID_1GKLPEE0.jpg,2
ID_1H8XOHZ9.jpg,1
ID_1HHF5LHI.jpg,2
ID_1HHF5LHI.jpg,2
ID_1HHF5LHI.jpg,2
ID_1HHF5LHI.jpg,2
ID_1HIE2XYE.jpg,2
ID_1HIE2XYE.jpg,2
ID_1HTFY0PN.jpg,2
ID_1HTFY0PN.jpg,2
ID_1I0XAT8J.jpg,0
ID_1I43PAA9.jpg,2
ID_1IB219OR.jpg,2
ID_1IB219OR.jpg,2
ID_1IB219OR.jpg,2
ID_1IPHLY2G.jpg,2
ID_1JA4EE71.jpg,0
ID_1JA4EE71.jpg,0
ID_1JA4EE71.jpg,0
ID_1JA4EE71.jpg,0
ID_1JHZ6RXA.jpg,1
ID_1JTBEMWD.jpg,1
ID_1JTBEMWD.jpg,1
ID_1LAKNH3S.jpg,0
ID_1LPMU7LL.jpg,1
ID_1O2FP4YU.jpg,1
ID_1OPNPBQE.jpg,1
ID_1OR9OFJE.jpg,2
ID_1OXALX7H.jpg,0
ID_1P9Q5HHU.jpg,0
ID_1PVZCA10.jpg,0
ID_1PW5GBQA.jpg,0
ID_1Q62A808.jpg,2
ID_1Q62A808.jpg,2
ID_1Q62A808.jpg,2
ID_1QJTM8EK.jpg,1
ID_1QPWFMMJ.jpg,1
ID_1R3NVCMF.jpg,2
ID_1R3NVCMF.jpg,2
ID_1RXMI4BZ.jpg,1
ID_1S28GL3A.jpg,1
ID_1S6Z5XTQ.jpg,0
ID_1SK27OUD.jpg,1
ID_1SNGD5AJ.jpg,0
ID_1SNGD5AJ.jpg,0
ID_1TIQTDG7.jpg,0
ID_1TIQTDG7.jpg,0
ID_1TJA8V5E.jpg,2
ID_1TJA8V5E.jpg,2
ID_1TJA8V5E.jpg,2
ID_1TJA8V5E.jpg,2
ID_1TRGVSOQ.jpg,0
ID_1UMJ5PH5.jpg,1
ID_1UMJ5PH5.jpg,1
ID_1UNUW01K.jpg,2
ID_1UNUW01K.jpg,2
ID_1UWEGMG3.jpg,2
ID_1UWEGMG3.jpg,2
ID_1V75KS83.jpg,2
ID_1V75KS83.jpg,2
ID_1V75KS83.jpg,2
ID_1VFT1JZ4.jpg,0
ID_1VLS0LOL.jpg,0
ID_1W1Z1QIX.jpg,1
ID_1W4RTQDL.jpg,2
ID_1WK27C39.jpg,2
ID_1WK27C39.jpg,2
ID_1XA2LAB1.jpg,0
ID_1XA8NPXU.jpg,1
ID_1Y4IVHC3.jpg,1
ID_1ZR8Q5ZC.jpg,0
ID_209W33VR.jpg,2
ID_20Q8HDPS.jpg,1
ID_21A2KQNZ.jpg,0
ID_21RGSB4L.jpg,0
ID_21VUG5GR.jpg,0
ID_22K5V6RS.jpg,2
ID_22K5V6RS.jpg,2
ID_22K5V6RS.jpg,2
ID_22VX7XM4.jpg,2
ID_22VX7XM4.jpg,2
ID_2305EPDR.jpg,2
ID_23958GHV.jpg,0
ID_23QGTT6S.jpg,1
ID_23TKCGV6.jpg,1
ID_23XMCNYH.jpg,2
ID_240AZND8.jpg,2
ID_24C2KD8D.jpg,1
ID_25EIO3CX.jpg,2
ID_25LJ6L49.jpg,1
ID_26YP8FYH.jpg,2
ID_28N2JJU2.jpg,0
ID_28PT58DL.jpg,2
ID_291QS54Q.jpg,2
ID_296RW3RZ.jpg,0
ID_29M061TA.jpg,0
ID_2AAQ4BE3.jpg,2
ID_2ASHMNFE.jpg,1
ID_2C4JC1JL.jpg,0
ID_2D0WEV5M.jpg,0
ID_2EJUF50U.jpg,0
ID_2EKL5ROC.jpg,1
ID_2EOZOFE5.jpg,1
ID_2FIKI366.jpg,0
ID_2FYP4GA8.jpg,2
ID_2FYP4GA8.jpg,2
ID_2FYP4GA8.jpg,2
ID_2G1WM3NV.jpg,1
ID_2G5D55UU.jpg,2
ID_2HC3GRLQ.jpg,2
ID_2I6G79ZY.jpg,2
ID_2I6G79ZY.jpg,2
ID_2I9GS5ZR.jpg,1
ID_2IUF93AO.jpg,2
ID_2IUF93AO.jpg,2
ID_2JIU73PO.jpg,1
ID_2JIU73PO.jpg,1
ID_2JIU73PO.jpg,1
ID_2KO4MFWQ.jpg,0
ID_2L1WNB9C.jpg,2
ID_2MF010RF.jpg,2
ID_2MNKO8FO.jpg,0
ID_2MQQBA6P.jpg,0
ID_2MQQBA6P.jpg,0
ID_2MX07AGW.jpg,0
ID_2N1P3HYJ.jpg,2
ID_2NKPKTA2.jpg,0
ID_2NKPKTA2.jpg,0
ID_2NQ7PKJH.jpg,2
ID_2NQ7PKJH.jpg,2
ID_2O5VOTOX.jpg,2
ID_2OBC3YV8.jpg,0
ID_2OZEHLDV.jpg,2
ID_2OZEHLDV.jpg,2
ID_2OZEHLDV.jpg,2
ID_2OZEHLDV.jpg,2
ID_2PHHZDJ2.jpg,1
ID_2PPBA3TM.jpg,2
ID_2PVLYA8N.jpg,0
ID_2PX4HJ03.jpg,0
ID_2PX4HJ03.jpg,0
ID_2PX4HJ03.jpg,0
ID_2QO3WYMC.jpg,2
ID_2QO3WYMC.jpg,2
ID_2QXI4Y59.jpg,0
ID_2R7GIIIU.jpg,2
ID_2RMLZSVO.jpg,1
ID_2RQE8VAW.jpg,2
ID_2SC2GEPJ.jpg,2
ID_2SVFUY0W.jpg,2
ID_2SVFUY0W.jpg,2
ID_2T6BXN1H.jpg,0
ID_2TDV8NY4.jpg,0
ID_2TE259LV.jpg,1
ID_2THT8AX1.jpg,1
ID_2TW1G4B1.jpg,2
ID_2TW1G4B1.jpg,2
ID_2TW1G4B1.jpg,2
ID_2TW1G4B1.jpg,2
ID_2TZLLT80.jpg,0
ID_2UBV78D9.jpg,0
ID_2UQMICCQ.jpg,0
ID_2VUX3PJL.jpg,0
ID_2VYWY02J.jpg,2
ID_2W7ETSNU.jpg,1
ID_2W7LJCBB.jpg,2
ID_2WIDX85G.jpg,2
ID_2WSBUC56.jpg,1
ID_2YCQM955.jpg,2
ID_2ZF4Y1EM.jpg,1
ID_3104CTIJ.jpg,1
ID_32NPIJKJ.jpg,2
ID_32O8E5SW.jpg,1
ID_32PV48JJ.jpg,0
ID_331XG3TA.jpg,1
ID_33FGDQU7.jpg,0
ID_33GIM5M1.jpg,1
ID_33SIJZZ1.jpg,2
ID_33U8YWUZ.jpg,2
ID_345IBGJ7.jpg,1
ID_354G0XRK.jpg,0
ID_35GKZ6NY.jpg,1
ID_35MT41RN.jpg,0
ID_35NMBC3U.jpg,0
ID_35PUQZV7.jpg,0
ID_35QEDG07.jpg,0
ID_36IKJ9KX.jpg,2
ID_36YBKYGR.jpg,1
ID_36YBKYGR.jpg,1
ID_37CZ5R8K.jpg,2
ID_37RCK19G.jpg,2
ID_37RG1OYU.jpg,1
ID_37VMABK6.jpg,0
ID_3854S13S.jpg,1
ID_38GTS9IE.jpg,2
ID_38RPP0QF.jpg,0
ID_392CQB4K.jpg,2
ID_392CQB4K.jpg,2
ID_39JB61CP.jpg,0
ID_3A1PKYFB.jpg,0
ID_3AO4VH98.jpg,0
ID_3B9OEXFG.jpg,2
ID_3BD1WQYF.jpg,2
ID_3BP3U1CC.jpg,1
ID_3CCQM3X1.jpg,1
ID_3CCQM3X1.jpg,1
ID_3CF3UUKM.jpg,2
ID_3CF3UUKM.jpg,2
ID_3CF3UUKM.jpg,2
ID_3CO9XO2C.jpg,2
ID_3CRZPSD7.jpg,1
ID_3CWITKTX.jpg,2
ID_3DE957PX.jpg,1
ID_3DJTYPOP.jpg,0
ID_3DJTYPOP.jpg,0
ID_3DLQRH53.jpg,1
ID_3DLQRH53.jpg,1
ID_3DQCK39C.jpg,1
ID_3DSEU51E.jpg,1
ID_3EBD0745.jpg,0
ID_3EGGXJC5.jpg,2
ID_3EJN1FEF.jpg,2
ID_3ELNN150.jpg,2
ID_3ELNN150.jpg,2
ID_3EWHG1WM.jpg,2
ID_3F0741YJ.jpg,0
ID_3F331IKG.jpg,2
ID_3F9Y4QDN.jpg,2
ID_3FMNTVTG.jpg,1
ID_3GCIKN2I.jpg,0
ID_3GQU7P0E.jpg,2
ID_3GQU7P0E.jpg,2
ID_3GZE0SCC.jpg,2
ID_3HQFJE5C.jpg,1
ID_3ILPAAVI.jpg,1
ID_3IS9T3FF.jpg,2
ID_3J03V2AO.jpg,0
ID_3J03V2AO.jpg,0
ID_3J03V2AO.jpg,0
ID_3J3DC4GN.jpg,2
ID_3J3DC4GN.jpg,2
ID_3J65CUTD.jpg,0
ID_3J9NDP31.jpg,1
ID_3J9NDP31.jpg,1
ID_3KC7ZD7V.jpg,2
ID_3KTOV4LI.jpg,0
ID_3KW8Q49V.jpg,2
ID_3KW8Q49V.jpg,2
ID_3L4U9LYI.jpg,2
ID_3LDWWBPF.jpg,0
ID_3LX754WP.jpg,1
ID_3M6NDN7V.jpg,0
ID_3MV1YD94.jpg,0
ID_3MX40IL4.jpg,1
ID_3O4406TX.jpg,2
ID_3O5CBFR9.jpg,1
ID_3OK6N407.jpg,2
ID_3OTYB2MG.jpg,2
ID_3OTYB2MG.jpg,2
ID_3OTYB2MG.jpg,2
ID_3OTYB2MG.jpg,2
ID_3PAEE2CB.jpg,1
ID_3PG5JG3D.jpg,2
ID_3Q9KG8IH.jpg,0
ID_3QAZ56E4.jpg,0
ID_3S29GI08.jpg,2
ID_3S29GI08.jpg,2
ID_3S9XFW8D.jpg,1
ID_3SNMJ3Q1.jpg,2
ID_3SZ8VYOT.jpg,1
ID_3TBV5GIS.jpg,1
ID_3TGHNO52.jpg,2
ID_3THEMZOL.jpg,0
ID_3THLXN78.jpg,0
ID_3TKHS47B.jpg,2
ID_3U2XTIWV.jpg,1
ID_3U69UM6K.jpg,1
ID_3UGNVS6C.jpg,2
ID_3UGNVS6C.jpg,2
ID_3UOSK3BX.jpg,1
ID_3VE1KD8T.jpg,2
ID_3VJP52ZX.jpg,0
ID_3VJP52ZX.jpg,0
ID_3VJTZ7Q7.jpg,2
ID_3VOJJYKD.jpg,2
ID_3VYUNKXT.jpg,2
ID_3VYUNKXT.jpg,2
ID_3W4ZJ3EZ.jpg,2
ID_3WAECOGT.jpg,1
ID_3WMNU4YB.jpg,0
ID_3X0Z25TZ.jpg,1
ID_3XONRN3S.jpg,1
ID_3Y1CCMJN.jpg,0
ID_3YXMRAAX.jpg,0
ID_3YXMRAAX.jpg,0
ID_3Z9N2QCC.jpg,1
ID_3ZHWQNXY.jpg,0
ID_3ZVJE8K1.jpg,2
ID_3ZVJE8K1.jpg,2
ID_40V306C7.jpg,2
ID_41AJ6ED9.jpg,2
ID_41GYUV3N.jpg,0
ID_41J3TQ1B.jpg,2
ID_41JC26F6.jpg,0
ID_41JC26F6.jpg,0
ID_41JC26F6.jpg,0
ID_41KKORLJ.jpg,0
ID_41OOBW4D.jpg,0
ID_41XP5NES.jpg,0
ID_420AKEHR.jpg,0
ID_4288G0RI.jpg,0
ID_42H3WNGM.jpg,0
ID_43HVEBRC.jpg,0
ID_43Q3PKOQ.jpg,0
ID_445JLPJ3.jpg,2
ID_44PFAKMK.jpg,0
ID_44ZHP9V7.jpg,2
ID_44ZHP9V7.jpg,2
ID_45HOPU5L.jpg,2
ID_45IS920O.jpg,0
ID_45KNXVUL.jpg,0
ID_468AUOQP.jpg,2
ID_46NZS6UY.jpg,0
ID_46W7URDE.jpg,1
ID_471DVBUY.jpg,0
ID_47GT9TNM.jpg,0
ID_47GT9TNM.jpg,0
ID_47HGHAI0.jpg,0
ID_47IUSLS9.jpg,2
ID_47IUSLS9.jpg,2
ID_48D4D5ZT.jpg,0
ID_48UWD6J2.jpg,0
ID_48UWD6J2.jpg,0
ID_48Z70FBP.jpg,0
ID_49XXO4YZ.jpg,1
ID_4AC27HD7.jpg,1
ID_4B0IHP2P.jpg,0
ID_4B6RQO1D.jpg,2
ID_4B6RQO1D.jpg,2
ID_4BUINEDE.jpg,1
ID_4BUINEDE.jpg,1
ID_4C0GU17L.jpg,0
ID_4C4E4DKH.jpg,0
ID_4C4E4DKH.jpg,0
ID_4C4E4DKH.jpg,0
ID_4C4E4DKH.jpg,0
ID_4CC6Q35C.jpg,0
ID_4CZHLY6V.jpg,0
ID_4CZHLY6V.jpg,0
ID_4D0MGLNY.jpg,0
ID_4D0MGLNY.jpg,0
ID_4D0MGLNY.jpg,0
ID_4D5JK1YK.jpg,0
ID_4DBX5CGF.jpg,1
ID_4DXSL89W.jpg,2
ID_4E9G0WT5.jpg,1
ID_4ET99B34.jpg,0
ID_4FKH4J6Q.jpg,1
ID_4FS04JVE.jpg,0
ID_4FXVGH4F.jpg,0
ID_4GFD8S74.jpg,0
ID_4GFD8S74.jpg,0
ID_4H0PHB7S.jpg,2
ID_4I8I4O3A.jpg,1
ID_4J3FCPC8.jpg,0
ID_4J55WK8L.jpg,2
ID_4JMZ4OAP.jpg,0
ID_4JQ4KA2W.jpg,0
ID_4JQLR0PD.jpg,0
ID_4K3TLJA7.jpg,1
ID_4KFH3NQU.jpg,0
ID_4KSPR0Q7.jpg,0
ID_4L6VNF39.jpg,2
ID_4L6VNF39.jpg,2
ID_4L6VNF39.jpg,2
ID_4MDO9AE9.jpg,0
ID_4MZ245YU.jpg,1
ID_4MZ245YU.jpg,1
ID_4N1V836M.jpg,2
ID_4N3KTG42.jpg,0
ID_4NCVLDHD.jpg,2
ID_4NCVLDHD.jpg,2
ID_4NCVLDHD.jpg,2
ID_4NEPJRXT.jpg,2
ID_4OQ7F7PC.jpg,2
ID_4OQ7F7PC.jpg,2
ID_4OQ7F7PC.jpg,2
ID_4P9HGM1S.jpg,0
ID_4PCUOHHD.jpg,0
ID_4PGDD6IU.jpg,2
ID_4PGO6K07.jpg,0
ID_4PWVU2YC.jpg,2
ID_4R35QR51.jpg,2
ID_4RKLYK8H.jpg,2
ID_4RKLYK8H.jpg,2
ID_4RKLYK8H.jpg,2
ID_4RS67IGF.jpg,1
ID_4S5SMSC3.jpg,2
ID_4SV8BGBR.jpg,1
ID_4SV8BGBR.jpg,1
ID_4T1WWKOK.jpg,0
ID_4TRRTTPA.jpg,1
ID_4ULDDF4N.jpg,0
ID_4UO5E5E1.jpg,1
ID_4VIRG9S1.jpg,0
ID_4VQXZ3ED.jpg,0
ID_4VSZ97EK.jpg,1
ID_4WJUWHCQ.jpg,1
ID_4WWFWOV7.jpg,0
ID_4XDYCRXV.jpg,2
ID_4Y5FWNI1.jpg,0
ID_4YIKP7PU.jpg,0
ID_4YNJNYMG.jpg,1
ID_4Z16P9QC.jpg,2
ID_4Z16P9QC.jpg,2
ID_50OLDBSK.jpg,0
ID_511WB5GU.jpg,2
ID_511WB5GU.jpg,2
ID_5271H3RI.jpg,2
ID_52OKGU5P.jpg,2
ID_52OKGU5P.jpg,2
ID_53CACTJ5.jpg,2
ID_53P0BQZW.jpg,2
ID_541MSUCZ.jpg,1
ID_543D5GXQ.jpg,0
ID_543D5GXQ.jpg,0
ID_549XE5S9.jpg,2
ID_54BZIUTV.jpg,0
ID_54S0E84C.jpg,2
ID_54S0E84C.jpg,2
ID_54S0E84C.jpg,2
ID_54U70KQY.jpg,0
ID_54U70KQY.jpg,0
ID_54UWZI9R.jpg,1
ID_55C50JEB.jpg,2
ID_567S29LD.jpg,2
ID_56JASSJ5.jpg,2
ID_56JASSJ5.jpg,2
ID_589QJNS8.jpg,2
ID_58GLPZDS.jpg,0
ID_58GLPZDS.jpg,0
ID_58KEWW7S.jpg,2
ID_58KEWW7S.jpg,2
ID_58LNK1NJ.jpg,2
ID_592041C8.jpg,0
ID_59BAIVO7.jpg,1
ID_59BAIVO7.jpg,1
ID_59TADS1D.jpg,2
ID_59TADS1D.jpg,2
ID_59TADS1D.jpg,2
ID_5A1I12L6.jpg,0
ID_5BPN4F3W.jpg,2
ID_5BQBO2J0.jpg,0
ID_5BS801CH.jpg,0
ID_5CHNWFYD.jpg,0
ID_5DXCI9QG.jpg,1
ID_5DYNOLDA.jpg,0
ID_5DYNOLDA.jpg,0
ID_5E16ZHYR.jpg,1
ID_5EA4GGG6.jpg,2
ID_5F587CS6.jpg,0
ID_5FFI5RKO.jpg,0
ID_5FFI5RKO.jpg,0
ID_5FFI5RKO.jpg,0
ID_5FFI5RKO.jpg,0
ID_5FOAWJV1.jpg,2
ID_5G0Y46KD.jpg,0
ID_5G3E0Z7Q.jpg,1
ID_5GT6LYKK.jpg,2
ID_5GW1GVOG.jpg,2
ID_5H0RQ905.jpg,1
ID_5HIF2OU0.jpg,0
ID_5HN4PL8M.jpg,0
ID_5INWT7ST.jpg,1
ID_5J5HSA2R.jpg,2
ID_5J5HSA2R.jpg,2
ID_5JTAKVR3.jpg,2
ID_5JVNWQ40.jpg,1
ID_5KG6ZA3R.jpg,1
ID_5LC4R5CH.jpg,0
ID_5LHMLZBK.jpg,2
ID_5LOTSJ2S.jpg,1
ID_5LSWR9I5.jpg,2
ID_5LSWR9I5.jpg,2
ID_5LSWR9I5.jpg,2
ID_5LSWR9I5.jpg,2
ID_5LYPDPT8.jpg,2
ID_5MH8LRPX.jpg,1
ID_5MPNA3LI.jpg,0
ID_5NVOZH4A.jpg,0
ID_5O38EUZY.jpg,1
ID_5O3PLDOL.jpg,1
ID_5O7MLN5C.jpg,0
ID_5OGKS4XD.jpg,1
ID_5ON5EFBP.jpg,1
ID_5PH8S6XV.jpg,0
ID_5PJE0N3M.jpg,2
ID_5Q3R85C7.jpg,1
ID_5Q3R85C7.jpg,1
ID_5RJJWPAY.jpg,1
ID_5SHF75I6.jpg,0
ID_5SHF75I6.jpg,0
ID_5T3WJDRT.jpg,2
ID_5T3WJDRT.jpg,2
ID_5T3WJDRT.jpg,2
ID_5T8FJKUH.jpg,2
ID_5TAHI8E7.jpg,0
ID_5TPPGHQY.jpg,1
ID_5UEMJI6J.jpg,2
ID_5UFBH9G5.jpg,2
ID_5UJYRU7C.jpg,0
ID_5UM5RHQV.jpg,1
ID_5VONL1IP.jpg,2
ID_5W4WRHB5.jpg,0
ID_5WOTO68F.jpg,0
ID_5WSIAXTZ.jpg,1
ID_5Y1FJF3Z.jpg,1
ID_5YL9JW28.jpg,0
ID_5YSOAJPE.jpg,1
ID_5ZE87Q4J.jpg,2
ID_61R6XLYR.jpg,2
ID_64AVZYQM.jpg,2
ID_64JZEN41.jpg,1
ID_64OR2I2E.jpg,1
ID_64ORYECV.jpg,1
ID_64P4YKJR.jpg,0
ID_64S2GR62.jpg,0
ID_64S2GR62.jpg,0
ID_64VVWO53.jpg,2
ID_655NUIVY.jpg,1
ID_65BD8M49.jpg,1
ID_65BD8M49.jpg,1
ID_65BD8M49.jpg,1
ID_65LYM4CJ.jpg,2
ID_65YOQV88.jpg,2
ID_65YOQV88.jpg,2
ID_660TLEBG.jpg,1
ID_66AH5L8K.jpg,2
ID_66AH5L8K.jpg,2
ID_66AH5L8K.jpg,2
ID_66FB5PP0.jpg,2
ID_66FB5PP0.jpg,2
ID_66FB5PP0.jpg,2
ID_66FB5PP0.jpg,2
ID_66MNZ06G.jpg,0
ID_66Z5VL9Q.jpg,0
ID_66Z5VL9Q.jpg,0
ID_68AP2KE2.jpg,0
ID_68NSQIET.jpg,1
ID_68RQZNK5.jpg,2
ID_68RQZNK5.jpg,2
ID_6BW5G6I4.jpg,1
ID_6C0FAQJF.jpg,1
ID_6C1D9WAK.jpg,2
ID_6C3XM7AU.jpg,1
ID_6C3XM7AU.jpg,1
ID_6CN5EACU.jpg,0
ID_6D050EM1.jpg,2
ID_6D050EM1.jpg,2
ID_6D050EM1.jpg,2
ID_6D050EM1.jpg,2
ID_6DCWU3QK.jpg,1
ID_6DCWU3QK.jpg,1
ID_6DCWU3QK.jpg,1
ID_6DCWU3QK.jpg,1
ID_6DGZC1ZP.jpg,2
ID_6DGZC1ZP.jpg,2
ID_6DHI7WB5.jpg,1
ID_6DHXTKZF.jpg,1
ID_6E5VW6DC.jpg,1
ID_6EFOYN26.jpg,2
ID_6EFOYN26.jpg,2
ID_6EGDTA0Q.jpg,0
ID_6EGDTA0Q.jpg,0
ID_6FV2KC24.jpg,2
ID_6G1U2MLH.jpg,1
ID_6G8JXIHQ.jpg,2
ID_6GCB35GZ.jpg,2
ID_6HFXEGBM.jpg,1
ID_6HGPRBZ8.jpg,1
ID_6HVRZAMI.jpg,0
ID_6I1CBB05.jpg,0
ID_6IKWCSUP.jpg,0
ID_6J2WWZOY.jpg,2
ID_6J2WWZOY.jpg,2
ID_6JFKYDPC.jpg,0
ID_6JFKYDPC.jpg,0
ID_6JXUV0G8.jpg,1
ID_6JYPDBR1.jpg,1
ID_6K6M2MQZ.jpg,0
ID_6K7F8CW3.jpg,0
ID_6K8B28RP.jpg,1
ID_6KAPZ1WS.jpg,1
ID_6KBWMUBY.jpg,1
ID_6KBWMUBY.jpg,1
ID_6KKWFGSG.jpg,1
ID_6KUFTO1N.jpg,2
ID_6MSDH7YR.jpg,2
ID_6MSDH7YR.jpg,2
ID_6MYR0EHQ.jpg,1
ID_6NAGU5NW.jpg,2
ID_6NAGU5NW.jpg,2
ID_6NMQ266V.jpg,2
ID_6NRU86OI.jpg,2
ID_6OQRWPX3.jpg,0
ID_6P3OEAWJ.jpg,0
ID_6P3OEAWJ.jpg,0
ID_6Q4BE8IO.jpg,0
ID_6Q4BE8IO.jpg,0
ID_6QGXPHA2.jpg,1
ID_6QGXPHA2.jpg,1
ID_6QOF695W.jpg,2
ID_6RDWNVJH.jpg,0
ID_6RGOWSNH.jpg,2
ID_6RIICD9D.jpg,2
ID_6RZB4W99.jpg,2
ID_6SGWRC0T.jpg,2
ID_6SMFYYN0.jpg,2
ID_6T0W6C3E.jpg,2
ID_6UD2E6KE.jpg,0
ID_6UEWWJEH.jpg,2
ID_6V8RB07C.jpg,0
ID_6VH4UET4.jpg,0
ID_6VH4UET4.jpg,0
ID_6VQUBF2M.jpg,2
ID_6VXDYYQU.jpg,2
ID_6VY7RCWC.jpg,1
ID_6WAGAOIA.jpg,2
ID_6WVM990D.jpg,1
ID_6X2WZJUK.jpg,2
ID_6X2WZJUK.jpg,2
ID_6Y096CZN.jpg,0
ID_6Y096CZN.jpg,0
ID_6YAM567A.jpg,0
ID_6YGR8HHU.jpg,0
ID_6Z8IW9AZ.jpg,0
ID_6Z8IW9AZ.jpg,0
ID_6ZG9QFUJ.jpg,0
ID_71NQ8YUX.jpg,0
ID_71NQ8YUX.jpg,0
ID_71TAG2JK.jpg,0
ID_71TAG2JK.jpg,0
ID_71ZF4JJL.jpg,0
ID_72650RAQ.jpg,0
ID_7283MUAT.jpg,0
ID_73107393.jpg,2
ID_73107393.jpg,2
ID_73YJ4HFQ.jpg,2
ID_746S9KJ1.jpg,2
ID_74AGE3MW.jpg,1
ID_75C07XBA.jpg,0
ID_75FQCWEH.jpg,2
ID_75TENN4A.jpg,0
ID_76GZV0IT.jpg,1
ID_76N865QX.jpg,2
ID_770Y7239.jpg,0
ID_770Y7239.jpg,0
ID_77ISN3OI.jpg,1
ID_77NBZM9Z.jpg,1
ID_79UG6679.jpg,2
ID_79WT7GFO.jpg,1
ID_7A4NYVSH.jpg,0
ID_7A4V2EBA.jpg,0
ID_7AKLLXPW.jpg,0
ID_7AVTEDK9.jpg,2
ID_7AW2POQV.jpg,2
ID_7AW2POQV.jpg,2
ID_7AWO4W41.jpg,1
ID_7B3P4EPK.jpg,2
ID_7BSW5O9L.jpg,0
ID_7BSW5O9L.jpg,0
ID_7BW1RO5D.jpg,2
ID_7C9JZK8D.jpg,2
ID_7CRFXNM7.jpg,0
ID_7CSUEZ7T.jpg,0
ID_7EDZFDRU.jpg,2
ID_7EDZFDRU.jpg,2
ID_7ETLECZK.jpg,2
ID_7ETLECZK.jpg,2
ID_7GBMSC90.jpg,2
ID_7GBMSC90.jpg,2
ID_7GBMSC90.jpg,2
ID_7H8URDAS.jpg,2
ID_7H8URDAS.jpg,2
ID_7HQIH9J5.jpg,1
ID_7HSE3IQY.jpg,2
ID_7HWO2KPP.jpg,0
ID_7I0YZKEA.jpg,2
ID_7I0YZKEA.jpg,2
ID_7J4U39T8.jpg,0
ID_7J7RM6C4.jpg,0
ID_7J9U3BM3.jpg,1
ID_7J9U3BM3.jpg,1
ID_7JUG2PEU.jpg,2
ID_7KJ61LE2.jpg,1
ID_7KQSGNWR.jpg,2
ID_7LSTN1ZE.jpg,1
ID_7NOYUQ7T.jpg,1
ID_7OYQJABS.jpg,0
ID_7OYQJABS.jpg,0
ID_7P9MTYVH.jpg,2
ID_7Q2AVIGQ.jpg,0
ID_7QEZT2L2.jpg,0
ID_7QL14CMR.jpg,2
ID_7QOEL6FG.jpg,0
ID_7R0VF3WT.jpg,1
ID_7R6P9LQZ.jpg,2
ID_7R6P9LQZ.jpg,2
ID_7SAIMI3X.jpg,0
ID_7SSOOI8K.jpg,1
ID_7STEGP8E.jpg,0
ID_7T3RVT1S.jpg,0
ID_7T3RVT1S.jpg,0
ID_7T7UE4UE.jpg,1
ID_7TG1EI2Y.jpg,0
ID_7TQLHPTQ.jpg,2
ID_7TXPJN5U.jpg,0
ID_7UOFSO0A.jpg,0
ID_7UOFSO0A.jpg,0
ID_7UOJX1UV.jpg,1
ID_7V6PRK1A.jpg,2
ID_7V83XSWF.jpg,1
ID_7V8VPR7E.jpg,0
ID_7VPC4OGA.jpg,0
ID_7W1989HT.jpg,1
ID_7W2V7DP0.jpg,2
ID_7X56MMVL.jpg,1
ID_7X56MMVL.jpg,1
ID_7X6G32XL.jpg,1
ID_7XFO1IKO.jpg,1
ID_7XJVTIUO.jpg,0
ID_7XK45IC0.jpg,1
ID_7XK45IC0.jpg,1
ID_7YFXVYKA.jpg,2
ID_7YJZ9LID.jpg,1
ID_7ZH9FPEN.jpg,2
ID_7ZL4ON97.jpg,0
ID_7ZP2NHR3.jpg,0
ID_7ZP2NHR3.jpg,0
ID_80GC3O1A.jpg,2
ID_80SWV2SR.jpg,2
ID_81GWHHEX.jpg,0
ID_81JF4N3B.jpg,0
ID_82EMGHOI.jpg,1
ID_82EMGHOI.jpg,1
ID_83TFXMXH.jpg,1
ID_83W31CLB.jpg,1
ID_84G91HX0.jpg,2
ID_84YYBA1Z.jpg,0
ID_84YYBA1Z.jpg,0
ID_85HCQ482.jpg,1
ID_86HTRUV5.jpg,2
ID_86XAS9GG.jpg,2
ID_875HSWJC.jpg,1
ID_879LVN5R.jpg,0
ID_87KV803Z.jpg,2
ID_87Y3YU1N.jpg,1
ID_88EYF84E.jpg,0
ID_89AM89TM.jpg,2
ID_89AM89TM.jpg,2
ID_89F3ATRC.jpg,2
ID_89F3ATRC.jpg,2
ID_8AZRYI3M.jpg,1
ID_8B4K19L7.jpg,1
ID_8B4N3FYX.jpg,2
ID_8B7HLNW6.jpg,2
ID_8B7HLNW6.jpg,2
ID_8BJDTNQK.jpg,1
ID_8BZ9I4ZM.jpg,0
ID_8CGE2EXJ.jpg,0
ID_8COR9HT8.jpg,2
ID_8CP3AQNF.jpg,0
ID_8DIYG7HQ.jpg,0
ID_8E30BJ9C.jpg,1
ID_8E6DVDDV.jpg,0
ID_8EDFRK97.jpg,1
ID_8EO4PPM9.jpg,1
ID_8ETNK8RC.jpg,2
ID_8ETNK8RC.jpg,2
ID_8ETNK8RC.jpg,2
ID_8EV7CPYH.jpg,2
ID_8EV7CPYH.jpg,2
ID_8G2EUO58.jpg,2
ID_8G2EUO58.jpg,2
ID_8G3NRHAU.jpg,0
ID_8GDO95VZ.jpg,2
ID_8GH4Y5AI.jpg,2
ID_8GIWVE2C.jpg,0
ID_8H9DUEDO.jpg,2
ID_8H9DUEDO.jpg,2
ID_8H9SHPV0.jpg,1
ID_8HBETZM9.jpg,2
ID_8HOYI4VK.jpg,2
ID_8HOYI4VK.jpg,2
ID_8IFOZM1V.jpg,0
ID_8IWYEHVQ.jpg,0
ID_8JELQJTB.jpg,1
ID_8L0TX8HQ.jpg,2
ID_8L0TX8HQ.jpg,2
ID_8L0TX8HQ.jpg,2
ID_8L4DH5UQ.jpg,2
ID_8LOOS69C.jpg,1
ID_8LOZRO5F.jpg,2
ID_8NUUR8I3.jpg,0
ID_8O11NP4A.jpg,2
ID_8O11NP4A.jpg,2
ID_8OFVKUAF.jpg,0
ID_8ORN0O9Z.jpg,1
ID_8P1798EF.jpg,2
ID_8PE0LHI3.jpg,1
ID_8PNM9H5Q.jpg,1
ID_8Q6SL3X4.jpg,1
ID_8Q7UA593.jpg,0
ID_8SUD7LHG.jpg,1
ID_8SV12B7U.jpg,0
ID_8SV4ZJLC.jpg,1
ID_8T0TPAFL.jpg,1
ID_8T1LN7M4.jpg,1
ID_8TCOMPRQ.jpg,0
ID_8TCOMPRQ.jpg,0
ID_8U7V8W5Y.jpg,1
ID_8U7V8W5Y.jpg,1
ID_8U7V8W5Y.jpg,1
ID_8V8MPPY7.jpg,0
ID_8V8MPPY7.jpg,0
ID_8W2OKDYB.jpg,2
ID_8W2OKDYB.jpg,2
ID_8WYQJU42.jpg,0
ID_8WYVS9HR.jpg,0
ID_8XAHA8GC.jpg,2
ID_8XDDDHT4.jpg,2
ID_8XDDDHT4.jpg,2
ID_8XMS1U5K.jpg,0
ID_8Y4OTRHQ.jpg,2
ID_8Y4OTRHQ.jpg,2
ID_8Y4OTRHQ.jpg,2
ID_8YMRXXUJ.jpg,0
ID_8YMRXXUJ.jpg,0
ID_8YMRXXUJ.jpg,0
ID_8YXCTWT1.jpg,2
ID_8YY1OE1J.jpg,1
ID_913CI17K.jpg,1
ID_926W7DBB.jpg,1
ID_92BOFPGT.jpg,0
ID_92IZD262.jpg,0
ID_92RI9E3K.jpg,0
ID_94CGJ3BX.jpg,1
ID_94RGAVWI.jpg,1
ID_94VSTABK.jpg,0
ID_95E61G06.jpg,0
ID_96APY1RM.jpg,0
ID_96PX3C3A.jpg,1
ID_97DNQESV.jpg,1
ID_97DNQESV.jpg,1
ID_97DNQESV.jpg,1
ID_97DNQESV.jpg,1
ID_98M71G8N.jpg,0
ID_98WOK011.jpg,0
ID_98WOK011.jpg,0
ID_994MG99S.jpg,2
ID_99CZHKF4.jpg,1
ID_99CZHKF4.jpg,1
ID_99GUE51H.jpg,0
ID_9A13VXFO.jpg,0
ID_9AND5A0R.jpg,0
ID_9AND5A0R.jpg,0
ID_9BUPGYAE.jpg,1
ID_9C3AXROQ.jpg,2
ID_9CSJPFW1.jpg,2
ID_9CSJPFW1.jpg,2
ID_9DIFK5YV.jpg,0
ID_9DNC2KBB.jpg,0
ID_9EBGL623.jpg,0
ID_9EDJOYLS.jpg,1
ID_9EFWD74C.jpg,2
ID_9ETH6XP6.jpg,1
ID_9F6F6XFS.jpg,2
ID_9F6S867L.jpg,1
ID_9F8ZJ2Q2.jpg,2
ID_9F8ZJ2Q2.jpg,2
ID_9FDD61VE.jpg,2
ID_9FLOTHSS.jpg,0
ID_9GE7GYPN.jpg,2
ID_9GE7GYPN.jpg,2
ID_9GE7GYPN.jpg,2
ID_9H3JZMBO.jpg,1
ID_9H6FNIT7.jpg,2
ID_9HPDQGE4.jpg,1
ID_9HPDQGE4.jpg,1
ID_9HSD4EU9.jpg,2
ID_9HSD4EU9.jpg,2
ID_9IASRNRM.jpg,1
ID_9IGTF1B5.jpg,1
ID_9JNXXBZH.jpg,0
ID_9KKZBQIZ.jpg,1
ID_9KQIKGS4.jpg,2
ID_9KQIKGS4.jpg,2
ID_9LN5DRYT.jpg,1
ID_9LVRB9F0.jpg,2
ID_9LVRB9F0.jpg,2
ID_9LWJXP1K.jpg,1
ID_9M950MML.jpg,2
ID_9MP1WCPR.jpg,0
ID_9MWL787X.jpg,1
ID_9N443I0J.jpg,2
ID_9NLWENBZ.jpg,0
ID_9NLWENBZ.jpg,0
ID_9O6YH9FX.jpg,1
ID_9OQ4QM6L.jpg,0
ID_9OQ4QM6L.jpg,0
ID_9P7NVX7V.jpg,2
ID_9PJ8DNW0.jpg,2
ID_9PMCHGG4.jpg,1
ID_9PPIPS67.jpg,1
ID_9PR52UAA.jpg,0
ID_9Q6MDMHE.jpg,2
ID_9Q6MDMHE.jpg,2
ID_9QG28TDU.jpg,0
ID_9QLOTAK2.jpg,0
ID_9R1HJ4RJ.jpg,1
ID_9R6FO43W.jpg,0
ID_9RFV8FCN.jpg,0
ID_9RKD0SBE.jpg,1
ID_9RPIP8IR.jpg,0
ID_9RXQFV4F.jpg,0
ID_9S1119O7.jpg,2
ID_9TBCWO2U.jpg,0
ID_9TBCWO2U.jpg,0
ID_9UB2YSLO.jpg,2
ID_9UB2YSLO.jpg,2
ID_9UFPGRL6.jpg,1
ID_9W32V31Y.jpg,1
ID_9WCPGSN9.jpg,2
ID_9WOL1COW.jpg,0
ID_9WOM7EG8.jpg,0
ID_9XEZD5TU.jpg,1
ID_9XYNBNND.jpg,2
ID_9YCL9HDQ.jpg,0
ID_9YJCSXBV.jpg,1
ID_9YK6IYNQ.jpg,0
ID_9YK6IYNQ.jpg,0
ID_9YMIED0G.jpg,0
ID_9ZC4RGPT.jpg,1
ID_9ZHSS6BC.jpg,0
ID_9ZN9VWAW.jpg,1
ID_9ZRLVJLL.jpg,1
ID_A1BPG7AI.jpg,2
ID_A1BPG7AI.jpg,2
ID_A1BPG7AI.jpg,2
ID_A1PRZ44I.jpg,2
ID_A1V4FDVP.jpg,1
ID_A22YAM9L.jpg,2
ID_A31BMIP9.jpg,2
ID_A3MW1GD5.jpg,2
ID_A3MW1GD5.jpg,2
ID_A4Q0LTOZ.jpg,1
ID_A4ZB6Q48.jpg,2
ID_A5X76JFD.jpg,0
ID_A6BF0RI8.jpg,1
ID_A6PDKKK6.jpg,2
ID_A6RK85EL.jpg,2
ID_A6RK85EL.jpg,2
ID_A6VPEO3Z.jpg,0
ID_A7JRIITF.jpg,1
ID_A7N3ZI5F.jpg,2
ID_A7R87IPP.jpg,2
ID_A7W5XQPQ.jpg,2
ID_A7W5XQPQ.jpg,2
ID_A81NBWHM.jpg,1
ID_A83PA5NF.jpg,2
ID_A83PA5NF.jpg,2
ID_A89CMWA9.jpg,0
ID_A8JJV19U.jpg,2
ID_A8L3YW3W.jpg,0
ID_A8NN3TF2.jpg,2
ID_A8ONK95N.jpg,0
ID_A9C0G24H.jpg,0
ID_A9YVFQG5.jpg,0
ID_AAKN1W6I.jpg,0
ID_AARJYY0X.jpg,2
ID_AAYYX7ZO.jpg,0
ID_AB1TH08Q.jpg,0
ID_ABDRJZO2.jpg,2
ID_ABFHYCM0.jpg,0
ID_ABFHYCM0.jpg,0
ID_ABXJXRPR.jpg,1
ID_ACMOGDSC.jpg,2
ID_ACMOGDSC.jpg,2
ID_ADJGLNVI.jpg,2
ID_ADJK84ZE.jpg,1
ID_AEKTLKUB.jpg,1
ID_AEXYY7EK.jpg,0
ID_AF7K88JS.jpg,2
ID_AF7K88JS.jpg,2
ID_AF7K88JS.jpg,2
ID_AF7K88JS.jpg,2
ID_AF7K88JS.jpg,2
ID_AG3R5H4P.jpg,1
ID_AG6HPCPH.jpg,2
ID_AG6HPCPH.jpg,2
ID_AG6HPCPH.jpg,2
ID_AG7IMTK1.jpg,2
ID_AG7IMTK1.jpg,2
ID_AG7IMTK1.jpg,2
ID_AHO1AIHX.jpg,0
ID_AHPTF8ZP.jpg,2
ID_AHPTF8ZP.jpg,2
ID_AI9Z4UY9.jpg,2
ID_AIOULRMV.jpg,1
ID_AKA28CXY.jpg,0
ID_AKMMU5HH.jpg,2
ID_AKMMU5HH.jpg,2
ID_AKQ06LXH.jpg,0
ID_AL1PEWD9.jpg,0
ID_ALAQETBP.jpg,2
ID_ALAQETBP.jpg,2
ID_AMQA4BYT.jpg,1
ID_AN20ILFY.jpg,0
ID_AOM6PQMB.jpg,0
ID_AP619P3C.jpg,1
ID_APIQ356O.jpg,0
ID_APK8HD33.jpg,1
ID_APK8HD33.jpg,1
ID_APTN7AW7.jpg,1
ID_AQJZ1M0C.jpg,2
ID_AQKEHGO6.jpg,2
ID_ARB21VOJ.jpg,2
ID_ARWHI0AZ.jpg,1
ID_ASCGPAFI.jpg,1
ID_ASWWH3E5.jpg,1
ID_AT3NFCC0.jpg,0
ID_ATT19QMF.jpg,2
ID_ATT19QMF.jpg,2
ID_ATU9MZHC.jpg,1
ID_AU7WBUET.jpg,0
ID_AUYI6KZC.jpg,0
ID_AV3XOYZ8.jpg,0
ID_AV3XOYZ8.jpg,0
ID_AV4E3IOJ.jpg,0
ID_AVK27ZRK.jpg,0
ID_AVO3XGS7.jpg,2
ID_AVO3XGS7.jpg,2
ID_AVO3XGS7.jpg,2
ID_AVS43L8A.jpg,2
ID_AVS43L8A.jpg,2
ID_AWA95SK0.jpg,2
ID_AWA95SK0.jpg,2
ID_AWA95SK0.jpg,2
ID_AX2KNAWU.jpg,1
ID_AX8KKKDZ.jpg,1
ID_AX8NJ2VD.jpg,1
ID_AX9HDLIZ.jpg,0
ID_AXZQYYKS.jpg,1
ID_AYE5F0MN.jpg,2
ID_AYESFQTT.jpg,2
ID_AYOAJJ0B.jpg,2
ID_AYOAJJ0B.jpg,2
ID_AYOAJJ0B.jpg,2
ID_AYTQONH2.jpg,0
ID_AYTQONH2.jpg,0
ID_AZ5C6357.jpg,0
ID_AZ5C6357.jpg,0
ID_AZ8QDWP8.jpg,2
ID_AZ8QDWP8.jpg,2
ID_AZ8QDWP8.jpg,2
ID_AZJTB5QT.jpg,2
ID_AZJTB5QT.jpg,2
ID_B074Y9SC.jpg,1
ID_B0K81GC2.jpg,2
ID_B1ABFYE9.jpg,1
ID_B1ABFYE9.jpg,1
ID_B1ABFYE9.jpg,1
ID_B1OG3VOT.jpg,0
ID_B20I79FN.jpg,1
ID_B20I79FN.jpg,1
ID_B39HSJDT.jpg,0
ID_B3MURIER.jpg,1
ID_B4VTCE82.jpg,0
ID_B5KTQ7O9.jpg,1
ID_B69NS8MC.jpg,2
ID_B6ADCCQ4.jpg,2
ID_B6JYQUQ1.jpg,2
ID_B7CV07VD.jpg,2
ID_B82N1VT8.jpg,1
ID_B8AZGMRD.jpg,2
ID_B9EUTU9O.jpg,0
ID_B9N53COX.jpg,2
ID_B9NEWP9L.jpg,2
ID_B9Y8193M.jpg,0
ID_BA1X7IPM.jpg,1
ID_BA8ZRNB9.jpg,2
ID_BAFH8XJH.jpg,2
ID_BB3O76T5.jpg,2
ID_BB711Y2Z.jpg,1
ID_BBC83M1A.jpg,2
ID_BBD732TW.jpg,0
ID_BBM2R41E.jpg,1
ID_BDR9X7W1.jpg,0
ID_BDW2YPIN.jpg,1
ID_BEAPQR72.jpg,1
ID_BEJDIF1J.jpg,2
ID_BEJDIF1J.jpg,2
ID_BEVNXVMY.jpg,2
ID_BFDOKGTD.jpg,0
ID_BFOWDNHH.jpg,0
ID_BFTOA39H.jpg,2
ID_BFXZQGSQ.jpg,2
ID_BGP03O8D.jpg,1
ID_BGP03O8D.jpg,1
ID_BH0H4RSC.jpg,0
ID_BH0H4RSC.jpg,0
ID_BHACH0NJ.jpg,1
ID_BI8LL6K3.jpg,2
ID_BICOJ2V0.jpg,1
ID_BIQJDRUC.jpg,1
ID_BISJVERH.jpg,2
ID_BISJVERH.jpg,2
ID_BJO7XHP6.jpg,1
ID_BJO7XHP6.jpg,1
ID_BJX2PGBN.jpg,2
ID_BKIWTCCL.jpg,2
ID_BKIWTCCL.jpg,2
ID_BKIWTCCL.jpg,2
ID_BKRP5SKM.jpg,0
ID_BKRP5SKM.jpg,0
ID_BKRP5SKM.jpg,0
ID_BLKH30IQ.jpg,0
ID_BMLKZP44.jpg,2
ID_BMLKZP44.jpg,2
ID_BMUXY9LJ.jpg,1
ID_BNVM3ZZE.jpg,0
ID_BNXM655Q.jpg,0
ID_BO1W9DNR.jpg,1
ID_BO80D8HU.jpg,2
ID_BODTC803.jpg,2
ID_BOP8F9YF.jpg,1
ID_BOP8F9YF.jpg,1
ID_BOVNW7B9.jpg,1
ID_BP05HENI.jpg,0
ID_BP05HENI.jpg,0
ID_BP05HENI.jpg,0
ID_BPFV7O08.jpg,2
ID_BQ34WP9E.jpg,1
ID_BQ89RQ91.jpg,2
ID_BQ89RQ91.jpg,2
ID_BSHB3OKS.jpg,0
ID_BT0T8245.jpg,0
ID_BT0T8245.jpg,0
ID_BTGUJGIS.jpg,1
ID_BTKHUB4P.jpg,1
ID_BTP2CIVB.jpg,0
ID_BTPM4P2N.jpg,0
ID_BTQKDRCL.jpg,2
ID_BUAOGRCT.jpg,1
ID_BUGXVTYW.jpg,0
ID_BV3KR0JR.jpg,1
ID_BW71BB93.jpg,0
ID_BWJ7MGAC.jpg,1
ID_BWPDSK73.jpg,0
ID_BX3XZN8K.jpg,0
ID_BY6XU3E1.jpg,2
ID_BYA4J658.jpg,2
ID_BYA4J658.jpg,2
ID_BZ1JO3BY.jpg,1
ID_C049Y0U3.jpg,2
ID_C049Y0U3.jpg,2
ID_C0V742UF.jpg,0
ID_C11KO2RG.jpg,2
ID_C11KO2RG.jpg,2
ID_C11KO2RG.jpg,2
ID_C1A36KD0.jpg,0
ID_C1C36AFI.jpg,2
ID_C1M1GT03.jpg,1
ID_C2RX0JE4.jpg,2
ID_C2RX0JE4.jpg,2
ID_C5VQV1JQ.jpg,0
ID_C75JU6RB.jpg,2
ID_C7QI8L56.jpg,2
ID_C8IFW7DG.jpg,0
ID_C8IFW7DG.jpg,0
ID_C9HZMTLU.jpg,0
ID_CACUAX71.jpg,2
ID_CB8WO85V.jpg,0
ID_CBBXCYJJ.jpg,1
ID_CBHUIWEK.jpg,1
ID_CC0I3R63.jpg,0
ID_CC0I3R63.jpg,0
ID_CC5AMIB1.jpg,0
ID_CCKS91RM.jpg,0
ID_CCVEQR3T.jpg,0
ID_CCVEQR3T.jpg,0
ID_CCXCJUVY.jpg,0
ID_CCXN4Z9P.jpg,0
ID_CD62WPZN.jpg,2
ID_CDUCOOYF.jpg,2
ID_CE26P4MI.jpg,2
ID_CE26P4MI.jpg,2
ID_CEFU48LU.jpg,0
ID_CEJBW3KQ.jpg,2
ID_CELPZ35K.jpg,1
ID_CELPZ35K.jpg,1
ID_CET87ETK.jpg,1
ID_CF2XDMLK.jpg,2
ID_CF3BS5WL.jpg,2
ID_CF3BS5WL.jpg,2
ID_CF3BS5WL.jpg,2
ID_CFF446O3.jpg,2
ID_CG8KIEJC.jpg,1
ID_CISQO825.jpg,2
ID_CJ09XY4B.jpg,0
ID_CK2BET97.jpg,1
ID_CKPH0YL4.jpg,1
ID_CLC90C6D.jpg,0
ID_CLC90C6D.jpg,0
ID_CM1DPVY0.jpg,0
ID_CM7JP3QF.jpg,1
ID_CMP14M1M.jpg,2
ID_CMP14M1M.jpg,2
ID_CN06U7KR.jpg,1
ID_CNJ0EL18.jpg,2
ID_CNT0IXHI.jpg,0
ID_CO4RSURQ.jpg,0
ID_CORQQ817.jpg,0
ID_CORQQ817.jpg,0
ID_CORQQ817.jpg,0
ID_CPDG72SX.jpg,1
ID_CPED1I2O.jpg,1
ID_CR6O9PNQ.jpg,2
ID_CSDGQEOZ.jpg,1
ID_CSE0OVTG.jpg,2
ID_CSE0OVTG.jpg,2
ID_CSZ2OA73.jpg,1
ID_CT72ZUG2.jpg,0
ID_CTUN5V2V.jpg,1
ID_CUEZX2XJ.jpg,2
ID_CUEZX2XJ.jpg,2
ID_CUYW2FFK.jpg,1
ID_CUYW2FFK.jpg,1
ID_CV5CJ3P5.jpg,1
ID_CV5YEAJL.jpg,0
ID_CVEVIE91.jpg,1
ID_CVEVIE91.jpg,1
ID_CVHGP6Y8.jpg,1
ID_CWD0L7NP.jpg,0
ID_CX5GVYU2.jpg,0
ID_CX7C44P3.jpg,1
ID_CX7C44P3.jpg,1
ID_CX8LYG1T.jpg,1
ID_CX9TGFV0.jpg,2
ID_CX9TGFV0.jpg,2
ID_CXB21FMW.jpg,0
ID_CXE8SXOR.jpg,2
ID_CYJZQHZS.jpg,1
ID_CYMEI3QT.jpg,2
ID_CZAQ7GCF.jpg,0
ID_CZG5ZNKN.jpg,2
ID_CZGFVKLZ.jpg,2
ID_CZGFVKLZ.jpg,2
ID_CZSW86Q7.jpg,0
ID_CZTZ9W4H.jpg,0
ID_CZTZ9W4H.jpg,0
ID_D00BU4AW.jpg,0
ID_D08DQQRV.jpg,0
ID_D08WTX1Z.jpg,1
ID_D0DYCLVT.jpg,2
ID_D0DYCLVT.jpg,2
ID_D16G83AW.jpg,0
ID_D1C3HFVZ.jpg,1
ID_D1OQI4W4.jpg,0
ID_D31E652C.jpg,2
ID_D3BH2WCD.jpg,2
ID_D3MYDBCY.jpg,1
ID_D3TDFEI1.jpg,2
ID_D3UOZULA.jpg,1
ID_D49HM5O4.jpg,0
ID_D4JPDOH7.jpg,0
ID_D4UD0ZSR.jpg,1
ID_D52LCBDS.jpg,2
ID_D58EN9IF.jpg,2
ID_D5GRKUYT.jpg,2
ID_D5L2M4JW.jpg,0
ID_D5QZXT52.jpg,2
ID_D6MRH31G.jpg,0
ID_D6MRH31G.jpg,0
ID_D7IK40NO.jpg,1
ID_D7WK02EI.jpg,0
ID_D82I40M4.jpg,2
ID_D82I40M4.jpg,2
ID_D82I40M4.jpg,2
ID_D82I40M4.jpg,2
ID_D916LOJE.jpg,2
ID_D916LOJE.jpg,2
ID_D969SHZP.jpg,2
ID_DAD7Y23E.jpg,0
ID_DANG166N.jpg,2
ID_DANG166N.jpg,2
ID_DANG166N.jpg,2
ID_DB1SDYRW.jpg,1
ID_DBUA2DKZ.jpg,0
ID_DCGQ2AZD.jpg,0
ID_DCHP721S.jpg,2
ID_DE932ASG.jpg,0
ID_DEE0K7WO.jpg,1
ID_DEKHYAF2.jpg,1
ID_DEKM6ZXA.jpg,0
ID_DFYEJ3XN.jpg,0
ID_DFYEJ3XN.jpg,0
ID_DGZ6LS51.jpg,1
ID_DGZDG10X.jpg,1
ID_DHE6VCY0.jpg,0
ID_DHE6VCY0.jpg,0
ID_DHE6VCY0.jpg,0
ID_DHH6RKDV.jpg,0
ID_DHJ03C94.jpg,2
ID_DHJ03C94.jpg,2
ID_DHJ03C94.jpg,2
ID_DHLBFJ94.jpg,0
ID_DITRRKDI.jpg,0
ID_DITRRKDI.jpg,0
ID_DITRRKDI.jpg,0
ID_DJ11W6CI.jpg,1
ID_DJM27FEA.jpg,0
ID_DJM27FEA.jpg,0
ID_DK2HWHEM.jpg,0
ID_DK3H69FE.jpg,1
ID_DKDUK526.jpg,0
ID_DKK25PEB.jpg,0
ID_DKXNR1QP.jpg,0
ID_DL62ZQBJ.jpg,2
ID_DL6XMO4Q.jpg,0
ID_DL6XMO4Q.jpg,0
ID_DLCQCTKS.jpg,2
ID_DLCQCTKS.jpg,2
ID_DM5Z1LVC.jpg,0
ID_DM71CHB3.jpg,2
ID_DMGJ9VOL.jpg,2
ID_DN4AI0ZZ.jpg,2
ID_DNT0CSRH.jpg,2
ID_DNT0CSRH.jpg,2
ID_DO7TSGQ1.jpg,1
ID_DO9SBLTV.jpg,0
ID_DOM5RX6N.jpg,0
ID_DOO86FL4.jpg,1
ID_DOREEUG3.jpg,1
ID_DORK6Y8X.jpg,2
ID_DPC958N2.jpg,0
ID_DPC958N2.jpg,0
ID_DPV8ZOVG.jpg,1
ID_DRG5N8I9.jpg,2
ID_DRV9G665.jpg,1
ID_DS3ZRA5P.jpg,2
ID_DSWHQXX9.jpg,1
ID_DSZW6VOU.jpg,2
ID_DTJ3G5FQ.jpg,0
ID_DTYRM4BY.jpg,1
ID_DU6JAO0J.jpg,1
ID_DUE6Y4QS.jpg,1
ID_DUIUK3CJ.jpg,2
ID_DUIUK3CJ.jpg,2
ID_DUS9FCXO.jpg,1
ID_DUTWCUVV.jpg,2
ID_DVAKE88S.jpg,0
ID_DVHDCIHR.jpg,1
ID_DVLOHHOL.jpg,1
ID_DVTVMLF1.jpg,0
ID_DX1IK35J.jpg,0
ID_DXUVFHJU.jpg,1
ID_DY3J0AWJ.jpg,2
ID_DY3J0AWJ.jpg,2
ID_DY3J0AWJ.jpg,2
ID_DYG6LH0M.jpg,2
ID_DYG6LH0M.jpg,2
ID_DYG6LH0M.jpg,2
ID_DYII9N2D.jpg,1
ID_DYLWSXNA.jpg,2
ID_DZ2T99QC.jpg,0
ID_DZORA2T2.jpg,2
ID_DZORA2T2.jpg,2
ID_DZU60FWU.jpg,2
ID_DZU60FWU.jpg,2
ID_E0JVGH10.jpg,0
ID_E0QGU4DD.jpg,1
ID_E0V9II9P.jpg,0
ID_E1PQSM32.jpg,1
ID_E2724JQT.jpg,2
ID_E29EPIQP.jpg,1
ID_E2JONDT7.jpg,2
ID_E2R4K1IJ.jpg,1
ID_E3TXPZVE.jpg,2
ID_E3V64SDH.jpg,1
ID_E3V64SDH.jpg,1
ID_E3YIKDJF.jpg,2
ID_E3YIKDJF.jpg,2
ID_E3YIKDJF.jpg,2
ID_E3Z10NW3.jpg,2
ID_E3Z10NW3.jpg,2
ID_E41OGPF6.jpg,1
ID_E4N1QZBG.jpg,1
ID_E4N1QZBG.jpg,1
ID_E4UYZ3NE.jpg,0
ID_E55QH1VA.jpg,0
ID_E6WQS39T.jpg,0
ID_E6WQS39T.jpg,0
ID_E71JKA0R.jpg,2
ID_E71JKA0R.jpg,2
ID_E71JKA0R.jpg,2
ID_E71JKA0R.jpg,2
ID_E7DTX4DM.jpg,0
ID_E8BBC5N5.jpg,1
ID_E8I3O5L5.jpg,2
ID_E8S4QF4V.jpg,0
ID_E9HW1JD4.jpg,1
ID_E9HW1JD4.jpg,1
ID_E9S7F66X.jpg,2
ID_E9S7F66X.jpg,2
ID_EB33AVUN.jpg,2
ID_EB33AVUN.jpg,2
ID_EBD1US9B.jpg,2
ID_EC1U5TYI.jpg,2
ID_ECKLLEIV.jpg,2
ID_ED3MM6HM.jpg,1
ID_EDFOTSWI.jpg,2
ID_EDFOTSWI.jpg,2
ID_EDLR9WIE.jpg,0
ID_EE0ULOHY.jpg,1
ID_EE2YNF6A.jpg,1
ID_EEK60E5I.jpg,1
ID_EEQU6YKT.jpg,2
ID_EGGMZ1AU.jpg,2
ID_EGOV3UK0.jpg,0
ID_EHDKGMQJ.jpg,2
ID_EHQCZ19Z.jpg,2
ID_EHQCZ19Z.jpg,2
ID_EI4H6AZ3.jpg,2
ID_EI4H6AZ3.jpg,2
ID_EI5F73UF.jpg,2
ID_EI8U6WDD.jpg,0
ID_EIRR0V74.jpg,1
ID_EJLV4IOO.jpg,1
ID_EJXICFU9.jpg,1
ID_ENDVQ9F5.jpg,2
ID_ENW8EZCT.jpg,0
ID_EO36RQDH.jpg,0
ID_EOLC9SOA.jpg,2
ID_EOMGPVWH.jpg,0
ID_EP1FRHJ7.jpg,2
ID_EP1FRHJ7.jpg,2
ID_EP1FRHJ7.jpg,2
ID_EP6TYTR4.jpg,2
ID_EPC9JYRP.jpg,2
ID_EPC9JYRP.jpg,2
ID_EPMR5UVF.jpg,0
ID_EPW3ADMI.jpg,1
ID_EQ3H8B5F.jpg,1
ID_EQJ63018.jpg,1
ID_ERDZ8OOC.jpg,2
ID_ERDZ8OOC.jpg,2
ID_ERZ0UD7E.jpg,0
ID_ESECI8EB.jpg,2
ID_ESECI8EB.jpg,2
ID_ESECI8EB.jpg,2
ID_ET350PD8.jpg,0
ID_ET350PD8.jpg,0
ID_ET350PD8.jpg,0
ID_ET3Y70WT.jpg,2
ID_ET3Y70WT.jpg,2
ID_ETQ18E81.jpg,0
ID_EUHFORK0.jpg,1
ID_EUR1U4G5.jpg,2
ID_EUR1U4G5.jpg,2
ID_EV2LAWL5.jpg,2
ID_EV4UHENW.jpg,2
ID_EV4UHENW.jpg,2
ID_EV4UHENW.jpg,2
ID_EVACEV2K.jpg,0
ID_EVFOSSIQ.jpg,1
ID_EW23L9NB.jpg,2
ID_EW23L9NB.jpg,2
ID_EW23L9NB.jpg,2
ID_EW23L9NB.jpg,2
ID_EWBEP4T2.jpg,2
ID_EXCD50LB.jpg,2
ID_EY2PNYAA.jpg,2
ID_EYL1SUWE.jpg,1
ID_EYL1SUWE.jpg,1
ID_EZRQ808E.jpg,0
ID_F03ATUTX.jpg,1
ID_F03ZI2IS.jpg,0
ID_F03ZKYCH.jpg,0
ID_F057D47X.jpg,1
ID_F06DA2FY.jpg,2
ID_F08X7XFR.jpg,1
ID_F1APHUKI.jpg,2
ID_F1RHJI01.jpg,2
ID_F219Y31Q.jpg,0
ID_F2C1RE54.jpg,1
ID_F2SD3IRV.jpg,0
ID_F31JNTPL.jpg,1
ID_F31JNTPL.jpg,1
ID_F38QFIVW.jpg,2
ID_F3D73H7H.jpg,2
ID_F3D73H7H.jpg,2
ID_F3Q8ET7S.jpg,2
ID_F3Z6R30N.jpg,2
ID_F3ZVEFB3.jpg,0
ID_F4A0NS3S.jpg,0
ID_F4A0NS3S.jpg,0
ID_F4GZVTFC.jpg,1
ID_F4J3VWK6.jpg,2
ID_F4J3VWK6.jpg,2
ID_F57XOUTP.jpg,0
ID_F5F2R2K9.jpg,0
ID_F5L6WILE.jpg,2
ID_F5L6WILE.jpg,2
ID_F5L6WILE.jpg,2
ID_F5RNDG24.jpg,2
ID_F5RNDG24.jpg,2
ID_F5SZQEAG.jpg,0
ID_F5SZQEAG.jpg,0
ID_F6G914BK.jpg,0
ID_F6G9GQUB.jpg,0
ID_F6G9GQUB.jpg,0
ID_F6HH5IFM.jpg,0
ID_F87BU3OV.jpg,0
ID_F8LVC4A8.jpg,2
ID_F8LVC4A8.jpg,2
ID_F8LVC4A8.jpg,2
ID_F8LWTCTR.jpg,0
ID_F8RT5YQX.jpg,2
ID_F8T8EF7W.jpg,0
ID_F9IFUHFI.jpg,2
ID_FBSXK6CM.jpg,0
ID_FC0K2L1U.jpg,2
ID_FC8JZDIJ.jpg,2
ID_FC8JZDIJ.jpg,2
ID_FCT15Y2M.jpg,1
ID_FCU1MGGO.jpg,0
ID_FEB5R4C4.jpg,2
ID_FEB5R4C4.jpg,2
ID_FEF3G58G.jpg,2
ID_FEF3G58G.jpg,2
ID_FFH25I00.jpg,2
ID_FFH25I00.jpg,2
ID_FGB547OH.jpg,0
ID_FGJ4E3XN.jpg,2
ID_FHTQA7KP.jpg,0
ID_FHWX7UP9.jpg,1
ID_FIEXHI9Q.jpg,0
ID_FIKUXC3O.jpg,2
ID_FIKUXC3O.jpg,2
ID_FIKUXC3O.jpg,2
ID_FJOL1T25.jpg,0
ID_FJQORQ5P.jpg,2
ID_FK7D2W71.jpg,1
ID_FK9YZZ01.jpg,2
ID_FL1WT60A.jpg,2
ID_FL4QSWJO.jpg,2
ID_FL4QSWJO.jpg,2
ID_FL4QSWJO.jpg,2
ID_FLZ1B9C1.jpg,0
ID_FLZ1B9C1.jpg,0
ID_FLZZ7SM7.jpg,2
ID_FLZZ7SM7.jpg,2
ID_FLZZ7SM7.jpg,2
ID_FMAFMQKJ.jpg,1
ID_FNMLBLCC.jpg,2
ID_FNMLBLCC.jpg,2
ID_FOAMVCIY.jpg,0
ID_FOPE51NB.jpg,1
ID_FOPE51NB.jpg,1
ID_FORGAH5I.jpg,0
ID_FOUJUDJ6.jpg,2
ID_FPBWC1XA.jpg,0
ID_FPDHOVOW.jpg,1
ID_FPRWD1X6.jpg,1
ID_FPZN2GLG.jpg,1
ID_FQ2PIJ39.jpg,1
ID_FQF8EZIJ.jpg,2
ID_FQF8EZIJ.jpg,2
ID_FRMRPCXB.jpg,1
ID_FRMRPCXB.jpg,1
ID_FRU73I14.jpg,1
ID_FRYXVP0V.jpg,2
ID_FSXSGEUM.jpg,2
ID_FT2IPPF7.jpg,1
ID_FT9DBBNS.jpg,2
ID_FT9DBBNS.jpg,2
ID_FTD8ON2O.jpg,2
ID_FU43YBYB.jpg,0
ID_FU5V9C7C.jpg,2
ID_FUT0HT6E.jpg,2
ID_FUT0HT6E.jpg,2
ID_FUT0HT6E.jpg,2
ID_FVJ2MQNA.jpg,0
ID_FVPETFQG.jpg,1
ID_FVWGXG86.jpg,2
ID_FWBOC3KE.jpg,1
ID_FWIN765Q.jpg,2
ID_FWIN765Q.jpg,2
ID_FWIN765Q.jpg,2
ID_FWSUH1EJ.jpg,1
ID_FY1OE7E5.jpg,2
ID_FYCXQHA5.jpg,0
ID_FYDLACDC.jpg,1
ID_FYGA4VGP.jpg,2
ID_FYGA4VGP.jpg,2
ID_FZ7ZAQ7S.jpg,1
ID_FZEP20UN.jpg,2
ID_FZLD2ZD5.jpg,1
ID_FZSJPZD3.jpg,0
ID_G00OB2QI.jpg,1
ID_G0XRSY0H.jpg,2
ID_G1142TX7.jpg,2
ID_G12V36PE.jpg,2
ID_G1HIX0OP.jpg,1
ID_G1QF9768.jpg,1
ID_G1YUC4D2.jpg,0
ID_G24F011C.jpg,1
ID_G2TB9I8N.jpg,0
ID_G41SJQ4Q.jpg,0
ID_G47ELPVI.jpg,0
ID_G4BAWTML.jpg,2
ID_G4BAWTML.jpg,2
ID_G4BAWTML.jpg,2
ID_G4BAWTML.jpg,2
ID_G4DOY8F2.jpg,0
ID_G5FTMA63.jpg,0
ID_G5M4P6FJ.jpg,2
ID_G5RX7RDN.jpg,1
ID_G5RX7RDN.jpg,1
ID_G6D1V5DJ.jpg,1
ID_G6K21VJD.jpg,2
ID_G6K21VJD.jpg,2
ID_G6K4Y8P8.jpg,1
ID_G6LXE9D6.jpg,0
ID_G6LXE9D6.jpg,0
ID_G6W6V8WV.jpg,0
ID_G7323XOK.jpg,1
ID_G7T62EGN.jpg,1
ID_G87R48QE.jpg,2
ID_G8CQWH1J.jpg,1
ID_G8F7MDUW.jpg,2
ID_G8XQ9KOU.jpg,0
ID_G931MPUX.jpg,1
ID_G9R7D88W.jpg,2
ID_GAVGZ54H.jpg,1
ID_GAYSGP7R.jpg,2
ID_GB4Q1LON.jpg,0
ID_GB6FKK74.jpg,1
ID_GBFMOXDY.jpg,0
ID_GDE9P6AQ.jpg,2
ID_GDY132VF.jpg,2
ID_GDY132VF.jpg,2
ID_GEQVY892.jpg,1
ID_GF9G13IA.jpg,2
ID_GF9G13IA.jpg,2
ID_GFZSY39X.jpg,1
ID_GG600YFO.jpg,1
ID_GGEQ9KP5.jpg,2
ID_GH3QLEEJ.jpg,2
ID_GH3QLEEJ.jpg,2
ID_GH3QLEEJ.jpg,2
ID_GH3QLEEJ.jpg,2
ID_GH3ZSH3C.jpg,0
ID_GH9HIXAH.jpg,1
ID_GHDGZMYA.jpg,1
ID_GHDGZMYA.jpg,1
ID_GHP275EF.jpg,1
ID_GHP275EF.jpg,1
ID_GIJ6LWUV.jpg,1
ID_GIPUHPZF.jpg,1
ID_GJKDHO8L.jpg,0
ID_GJKDHO8L.jpg,0
ID_GJMOYTNP.jpg,0
ID_GJPHAYEJ.jpg,0
ID_GJZSL3ZI.jpg,2
ID_GJZSL3ZI.jpg,2
ID_GKGLYSTY.jpg,2
ID_GKYJK100.jpg,2
ID_GLIZWRAQ.jpg,1
ID_GM6XFJW5.jpg,1
ID_GM6XFJW5.jpg,1
ID_GMOM47NV.jpg,0
ID_GNHED643.jpg,0
ID_GNNSN48U.jpg,1
ID_GODA4HVU.jpg,2
ID_GOECDPFN.jpg,2
ID_GOH8Q6U6.jpg,1
ID_GP079JVQ.jpg,0
ID_GPH6YME3.jpg,2
ID_GPH6YME3.jpg,2
ID_GPURNFOK.jpg,1
ID_GQ7QCO7N.jpg,0
ID_GQ7YMYYY.jpg,1
ID_GQE1BYWE.jpg,0
ID_GQU1T8A0.jpg,2
ID_GQU1T8A0.jpg,2
ID_GQU1T8A0.jpg,2
ID_GROEGUFX.jpg,2
ID_GROIWIUV.jpg,0
ID_GRRRR87B.jpg,1
ID_GTEZRSA5.jpg,2
ID_GTNDBDSM.jpg,0
ID_GTQLQ0TQ.jpg,0
ID_GUABCBGI.jpg,1
ID_GUGNGLX4.jpg,0
ID_GUO3PTSO.jpg,1
ID_GWDBIRIE.jpg,1
ID_GWW1R299.jpg,1
ID_GXZCD2J7.jpg,2
ID_GYDFFGQ7.jpg,1
ID_GYHSA5RS.jpg,2
ID_GYHSA5RS.jpg,2
ID_GZVGGQFZ.jpg,1
ID_H13TET6A.jpg,2
ID_H13TET6A.jpg,2
ID_H1Q9M63R.jpg,0
ID_H2QGVIM1.jpg,1
ID_H32EUYHW.jpg,2
ID_H38SFKJD.jpg,0
ID_H3RQUP6I.jpg,2
ID_H3RQUP6I.jpg,2
ID_H3ZDCX5F.jpg,1
ID_H3ZERX74.jpg,2
ID_H3ZERX74.jpg,2
ID_H4H0LQWK.jpg,0
ID_H4YQ6NOU.jpg,2
ID_H5B2TLOZ.jpg,2
ID_H5HL0326.jpg,1
ID_H6QBFWB0.jpg,2
ID_H6X92LTX.jpg,0
ID_H6YXEY69.jpg,0
ID_H7F37E7D.jpg,0
ID_H7NSRTZE.jpg,0
ID_H8426UYU.jpg,2
ID_H85ZENIM.jpg,0
ID_H8A8TR2M.jpg,0
ID_H8J043BJ.jpg,0
ID_H8J043BJ.jpg,0
ID_H8YKQC9C.jpg,2
ID_H8YKQC9C.jpg,2
ID_H9O888F2.jpg,0
ID_HAC2KQXS.jpg,0
ID_HAC2KQXS.jpg,0
ID_HAC2KQXS.jpg,0
ID_HAC2KQXS.jpg,0
ID_HAESJX98.jpg,2
ID_HAESJX98.jpg,2
ID_HAESJX98.jpg,2
ID_HBYVX5LG.jpg,1
ID_HC2R7DRH.jpg,0
ID_HCLUZEJM.jpg,0
ID_HCSCI94Q.jpg,1
ID_HDYUZ23K.jpg,2
ID_HDZ5YTUN.jpg,0
ID_HECZIFW6.jpg,0
ID_HECZIFW6.jpg,0
ID_HF1Q9DGS.jpg,1
ID_HHW8LTJC.jpg,0
ID_HIHYQIHD.jpg,0
ID_HIN7LEZB.jpg,0
ID_HJSX2HRU.jpg,0
ID_HK6T9EJJ.jpg,2
ID_HKHWFUKZ.jpg,1
ID_HKSKJ9AJ.jpg,0
ID_HKSKJ9AJ.jpg,0
ID_HKY65IY5.jpg,2
ID_HL02S4QI.jpg,2
ID_HL02S4QI.jpg,2
ID_HL3THWYJ.jpg,1
ID_HLHPZKTH.jpg,1
ID_HLKX3CEP.jpg,1
ID_HLP98O5O.jpg,1
ID_HMTIUR9U.jpg,1
ID_HNHPVG42.jpg,2
ID_HPY8U5C1.jpg,2
ID_HQ4QOHUH.jpg,2
ID_HQAL90KH.jpg,0
ID_HQD7BG5Q.jpg,1
ID_HQD7BG5Q.jpg,1
ID_HR96A93A.jpg,2
ID_HRH08W1L.jpg,2
ID_HRK6LPZ7.jpg,1
ID_HTQU7J06.jpg,2
ID_HU6BL95R.jpg,2
ID_HUG27J5J.jpg,0
ID_HUOG8W4G.jpg,0
ID_HURVXJPA.jpg,1
ID_HUZL8Z75.jpg,0
ID_HX0H2BM3.jpg,0
ID_HZWBIXD1.jpg,0
ID_I0EJUFNM.jpg,1
ID_I0GZJBJ4.jpg,2
ID_I0HRWLR6.jpg,0
ID_I1WQ1T6Q.jpg,2
ID_I27QOAFF.jpg,0
ID_I282912L.jpg,1
ID_I2N45ZY9.jpg,2
ID_I2N45ZY9.jpg,2
ID_I2N45ZY9.jpg,2
ID_I2OWHJC6.jpg,0
ID_I2OWHJC6.jpg,0
ID_I2V4F0PE.jpg,1
ID_I2WILH68.jpg,2
ID_I2WILH68.jpg,2
ID_I2WILH68.jpg,2
ID_I2WILH68.jpg,2
ID_I3179CVF.jpg,1
ID_I3179CVF.jpg,1
ID_I3179CVF.jpg,1
ID_I3AUCAYX.jpg,0
ID_I3XSHWPT.jpg,2
ID_I3XSHWPT.jpg,2
ID_I4133USS.jpg,2
ID_I4133USS.jpg,2
ID_I4WKP4WY.jpg,1
ID_I5JTHKQA.jpg,2
ID_I5JTHKQA.jpg,2
ID_I5JTHKQA.jpg,2
ID_I5X8RR18.jpg,0
ID_I6D71YIH.jpg,0
ID_I77BG52E.jpg,2
ID_I77BG52E.jpg,2
ID_I796ORPF.jpg,0
ID_I7AHW8VW.jpg,2
ID_I7BZETQL.jpg,0
ID_I7YVCM32.jpg,0
ID_I8WUGJD4.jpg,2
ID_I96J7L6X.jpg,1
ID_I9813P7G.jpg,2
ID_I9813P7G.jpg,2
ID_I9813P7G.jpg,2
ID_I9JZE9V7.jpg,1
ID_I9V3LHKJ.jpg,0
ID_I9X94E99.jpg,1
ID_IA05J1D5.jpg,1
ID_IACX2C9I.jpg,1
ID_IAJ612UE.jpg,1
ID_IB10I5RQ.jpg,2
ID_ICIFM8GB.jpg,2
ID_ICKTPH61.jpg,1
ID_ICRHK6B9.jpg,1
ID_ICY7O0K7.jpg,1
ID_IEBCI2K0.jpg,1
ID_IEMYZEZX.jpg,0
ID_IF97QL11.jpg,1
ID_IG362JMH.jpg,1
ID_IH1TIOLO.jpg,1
ID_IH1TIOLO.jpg,1
ID_IHX5VV8M.jpg,1
ID_II9BJY57.jpg,0
ID_II9BJY57.jpg,0
ID_IIT72OKR.jpg,1
ID_IIUZR9XE.jpg,2
ID_IJ1VJ614.jpg,2
ID_IJ29DPA3.jpg,0
ID_IJ7DIUQ6.jpg,2
ID_IJHH8M48.jpg,1
ID_IJKCFKOS.jpg,2
ID_IK1FPVXI.jpg,2
ID_IK1FPVXI.jpg,2
ID_IKJU6WH1.jpg,1
ID_IKUKVUFW.jpg,2
ID_IKUKVUFW.jpg,2
ID_IKUKVUFW.jpg,2
ID_ILE8XX71.jpg,2
ID_ILQU63X9.jpg,0
ID_ILZ57OVM.jpg,0
ID_ILZ57OVM.jpg,0
ID_IMTUQIT5.jpg,2
ID_INI5SNA3.jpg,0
ID_INI5SNA3.jpg,0
ID_INLJU96R.jpg,1
ID_INM5L7WM.jpg,2
ID_INYQTZXN.jpg,2
ID_INYQTZXN.jpg,2
ID_IO81VXPA.jpg,1
ID_IPC98JYB.jpg,1
ID_IPO1W1HX.jpg,0
ID_IPXI35JJ.jpg,1
ID_IPXS88II.jpg,0
ID_IQ528JHD.jpg,2
ID_IQ528JHD.jpg,2
ID_IQAC4R5P.jpg,1
ID_IRA85QS0.jpg,1
ID_IRIW8HSZ.jpg,0
ID_IRIW8HSZ.jpg,0
ID_IRXUVRFH.jpg,2
ID_ISANLQ6Z.jpg,0
ID_ISV08X1T.jpg,2
ID_ISV08X1T.jpg,2
ID_IT2X3O2P.jpg,0
ID_IU0K6UDW.jpg,0
ID_IUQPEIQN.jpg,0
ID_IVILI4KV.jpg,2
ID_IW53HR96.jpg,1
ID_IWH2FTVT.jpg,2
ID_IX4625NU.jpg,2
ID_IX4625NU.jpg,2
ID_IX4625NU.jpg,2
ID_IX4625NU.jpg,2
ID_IX6A3RVC.jpg,1
ID_IXB5OESI.jpg,0
ID_IZ7RN07I.jpg,2
ID_J0F3556V.jpg,0
ID_J0F3556V.jpg,0
ID_J0F3556V.jpg,0
ID_J0Y93XCV.jpg,2
ID_J0Y93XCV.jpg,2
ID_J0Y93XCV.jpg,2
ID_J19IPTRO.jpg,0
ID_J1J3NZ9Q.jpg,1
ID_J1VDQMRU.jpg,1
ID_J22X07BN.jpg,0
ID_J25TNDHD.jpg,0
ID_J26EA45T.jpg,2
ID_J3WXIO75.jpg,1
ID_J583FDKQ.jpg,1
ID_J5E00KP8.jpg,2
ID_J5ZY8GDI.jpg,1
ID_J5ZY8GDI.jpg,1
ID_J69J4G1V.jpg,0
ID_J6IE38J4.jpg,0
ID_J73CSNBL.jpg,1
ID_J7F7053G.jpg,2
ID_J7F7053G.jpg,2
ID_J7FV8I44.jpg,0
ID_J7ZTJ7O8.jpg,0
ID_J8A94N4H.jpg,0
ID_J8CNS01T.jpg,0
ID_J8W59J7K.jpg,2
ID_J8W59J7K.jpg,2
ID_J8YSXNER.jpg,1
ID_J950F8N6.jpg,2
ID_J9U8B2YC.jpg,0
ID_JB8H6I7L.jpg,0
ID_JB8H6I7L.jpg,0
ID_JBZH71CG.jpg,0
ID_JCD2LLYS.jpg,2
ID_JCRW7VWB.jpg,0
ID_JD7YU9IP.jpg,1
ID_JD7YU9IP.jpg,1
ID_JD7YU9IP.jpg,1
ID_JDRKSKCH.jpg,0
ID_JDUNOPL5.jpg,2
ID_JE6OVMKP.jpg,0
ID_JE7L692E.jpg,0
ID_JE9Y8VAF.jpg,0
ID_JEQKL4J1.jpg,1
ID_JESA7Q0R.jpg,0
ID_JF5PAZSE.jpg,0
ID_JGIV3YDN.jpg,2
ID_JGJZPMLF.jpg,0
ID_JGYX6E0N.jpg,2
ID_JGYX6E0N.jpg,2
ID_JHHOA7K2.jpg,0
ID_JIKW0D4D.jpg,0
ID_JISXHVRK.jpg,2
ID_JJCG82MF.jpg,2
ID_JJCG82MF.jpg,2
ID_JJEF5DYQ.jpg,1
ID_JJEF5DYQ.jpg,1
ID_JK3ODG9I.jpg,0
ID_JKEACHOK.jpg,2
ID_JKSYBYH3.jpg,2
ID_JKSYBYH3.jpg,2
ID_JKSYBYH3.jpg,2
ID_JLLZGXCD.jpg,2
ID_JLLZGXCD.jpg,2
ID_JLX2KU8L.jpg,2
ID_JM39RY25.jpg,0
ID_JM39RY25.jpg,0
ID_JMBUHDXI.jpg,1
ID_JMTOP4KF.jpg,0
ID_JMTOP4KF.jpg,0
ID_JMWTCM9Y.jpg,2
ID_JOZKSO6X.jpg,2
ID_JOZKSO6X.jpg,2
ID_JOZKSO6X.jpg,2
ID_JPKHA1Z4.jpg,1
ID_JPT247HN.jpg,0
ID_JPT247HN.jpg,0
ID_JPU6XNPI.jpg,2
ID_JQZX5Q06.jpg,1
ID_JR8OIYR9.jpg,0
ID_JRC5R9CX.jpg,1
ID_JRFPF538.jpg,1
ID_JSPDPRF4.jpg,0
ID_JT4EBN8F.jpg,0
ID_JT4EBN8F.jpg,0
ID_JUF2KD4K.jpg,0
ID_JW61CJO1.jpg,1
ID_JWB7QRNF.jpg,0
ID_JWZXF5M2.jpg,1
ID_JXAZVK7R.jpg,0
ID_K0MT3I7H.jpg,1
ID_K0SOR11V.jpg,0
ID_K15OFJAF.jpg,0
ID_K1FQ7WG2.jpg,0
ID_K1FQ7WG2.jpg,0
ID_K1YVGSVL.jpg,2
ID_K1YVGSVL.jpg,2
ID_K2210GDB.jpg,1
ID_K2YGZPGQ.jpg,2
ID_K2YGZPGQ.jpg,2
ID_K2YGZPGQ.jpg,2
ID_K3P66GOR.jpg,0
ID_K3RY4WJ9.jpg,0
ID_K48MM2Y2.jpg,2
ID_K48MM2Y2.jpg,2
ID_K4QNQCBJ.jpg,2
ID_K4QNQCBJ.jpg,2
ID_K51SGQYX.jpg,0
ID_K5ETNYNH.jpg,0
ID_K6G8JM0O.jpg,0
ID_K6G8JM0O.jpg,0
ID_K6YKFWSS.jpg,1
ID_K6YKFWSS.jpg,1
ID_K7WOJEHO.jpg,2
ID_K829DPF4.jpg,2
ID_K829DPF4.jpg,2
ID_K88UG3YE.jpg,2
ID_K88UG3YE.jpg,2
ID_K88UG3YE.jpg,2
ID_K8L3V2HG.jpg,2
ID_K8L3V2HG.jpg,2
ID_K90L1I58.jpg,1
ID_K9A6DJJ5.jpg,0
ID_KAQZFSIV.jpg,0
ID_KB5I47X3.jpg,2
ID_KC1DRO2P.jpg,2
ID_KC1DRO2P.jpg,2
ID_KC4AQET2.jpg,2
ID_KC4AQET2.jpg,2
ID_KCV30C5M.jpg,2
ID_KD4Q0WYL.jpg,2
ID_KDGRAMJS.jpg,0
ID_KDGRAMJS.jpg,0
ID_KDGRAMJS.jpg,0
ID_KDKUECUW.jpg,2
ID_KDT1ODVQ.jpg,0
ID_KDW3JXVT.jpg,2
ID_KDW3JXVT.jpg,2
ID_KE0VXB4N.jpg,1
ID_KE0XJN2B.jpg,0
ID_KE0XJN2B.jpg,0
ID_KE7WULJ1.jpg,2
ID_KEA68ZME.jpg,2
ID_KEA68ZME.jpg,2
ID_KEA68ZME.jpg,2
ID_KEI45PCI.jpg,2
ID_KEWGO7R0.jpg,2
ID_KEZGPF5U.jpg,0
ID_KF94XCAO.jpg,1
ID_KF94XCAO.jpg,1
ID_KF99CZ34.jpg,2
ID_KFHFAB9B.jpg,1
ID_KFOZQKVX.jpg,1
ID_KGAAW2D5.jpg,0
ID_KGQ6E9PC.jpg,1
ID_KGQ6E9PC.jpg,1
ID_KI7J84UT.jpg,1
ID_KIG24DZS.jpg,0
ID_KIGIPZTL.jpg,2
ID_KIU95R5B.jpg,1
ID_KJOR3YDI.jpg,2
ID_KJXHPR8U.jpg,1
ID_KKFFJ8BB.jpg,1
ID_KKG9QDYV.jpg,2
ID_KKLYWZM2.jpg,0
ID_KKPIA6BD.jpg,1
ID_KL7VSAN6.jpg,0
ID_KL8F0MQZ.jpg,1
ID_KLX3BMGW.jpg,1
ID_KLX3BMGW.jpg,1
ID_KM484FWN.jpg,0
ID_KMN54YTG.jpg,2
ID_KMPOYIFM.jpg,0
ID_KMYD2L59.jpg,0
ID_KN0775UG.jpg,0
ID_KN79OLDP.jpg,0
ID_KNOLXPWQ.jpg,2
ID_KNOLXPWQ.jpg,2
ID_KOF2DA63.jpg,1
ID_KP51ZN39.jpg,2
ID_KP5GS1EI.jpg,1
ID_KPU8DT3Y.jpg,1
ID_KQKXK6NF.jpg,2
ID_KQKXK6NF.jpg,2
ID_KQQBNKK9.jpg,0
ID_KR5R40OR.jpg,2
ID_KRA7JK2J.jpg,1
ID_KRR9S9FC.jpg,2
ID_KRSY6CSN.jpg,2
ID_KS6QRTOC.jpg,2
ID_KS6QRTOC.jpg,2
ID_KS80SYVP.jpg,1
ID_KSDY7NP0.jpg,2
ID_KSKXJCK0.jpg,2
ID_KST7AC0P.jpg,1
ID_KSU4LK23.jpg,1
ID_KSXS4GHF.jpg,0
ID_KTS1B3YU.jpg,2
ID_KTVOKX4K.jpg,0
ID_KUFO47FG.jpg,2
ID_KUPYK80H.jpg,1
ID_KUX3Q2VR.jpg,0
ID_KV401F63.jpg,0
ID_KVM83STT.jpg,2
ID_KVM83STT.jpg,2
ID_KVM83STT.jpg,2
ID_KVOPY2YT.jpg,0
ID_KW85F93Q.jpg,2
ID_KWA9MGKH.jpg,0
ID_KWB7E8ST.jpg,0
ID_KWTKPUDF.jpg,2
ID_KXFQZH2R.jpg,0
ID_KXOOZX0M.jpg,2
ID_KXOOZX0M.jpg,2
ID_KXOX299D.jpg,2
ID_KY0BFC22.jpg,2
ID_KY0BFC22.jpg,2
ID_KYBS469I.jpg,0
ID_KYID7NQV.jpg,2
ID_KYLL234E.jpg,1
ID_KYLL234E.jpg,1
ID_KZGNAG8N.jpg,2
ID_KZGNAG8N.jpg,2
ID_KZHPE855.jpg,2
ID_KZHPE855.jpg,2
ID_KZHPE855.jpg,2
ID_L0EYHCHM.jpg,2
ID_L0EYHCHM.jpg,2
ID_L0EYHCHM.jpg,2
ID_L0QFM4NN.jpg,1
ID_L19AEVC8.jpg,0
ID_L19NWB7X.jpg,0
ID_L1GISNZH.jpg,0
ID_L1GISNZH.jpg,0
ID_L1JOD046.jpg,0
ID_L1KKZZ9K.jpg,1
ID_L1T1LCBY.jpg,0
ID_L209SAFF.jpg,2
ID_L209SAFF.jpg,2
ID_L20HTMAI.jpg,1
ID_L269Y28S.jpg,1
ID_L288FV8D.jpg,0
ID_L2IR5VLL.jpg,0
ID_L2OXTFI9.jpg,0
ID_L389CXBE.jpg,0
ID_L389CXBE.jpg,0
ID_L3ASDQCN.jpg,1
ID_L3LLYFU6.jpg,1
ID_L3Q1MLVT.jpg,2
ID_L3QE45N2.jpg,0
ID_L47KB0K6.jpg,2
ID_L493F37Y.jpg,0
ID_L4CHS1JL.jpg,2
ID_L4CHS1JL.jpg,2
ID_L4WEI44S.jpg,1
ID_L5PXX2K4.jpg,2
ID_L5TH24CH.jpg,0
ID_L7ACDO3G.jpg,1
ID_L7CWI5LO.jpg,2
ID_L7D3BL0C.jpg,1
ID_L80W54U3.jpg,1
ID_L89KARCA.jpg,2
ID_L90C4GX9.jpg,2
ID_L90C4GX9.jpg,2
ID_L9NZYT6F.jpg,1
ID_LA3H0B5G.jpg,2
ID_LADH14DJ.jpg,2
ID_LAMNI9NX.jpg,2
ID_LBNDK3B9.jpg,0
ID_LBRETBZ8.jpg,0
ID_LBRETBZ8.jpg,0
ID_LBRETBZ8.jpg,0
ID_LCDBN8ET.jpg,0
ID_LD2ZCKSM.jpg,1
ID_LDN6A4IZ.jpg,0
ID_LE3PYDIQ.jpg,1
ID_LE3WSED3.jpg,1
ID_LE95VTC1.jpg,0
ID_LFXPBPSE.jpg,0
ID_LG4BLEN9.jpg,2
ID_LGIKERPJ.jpg,0
ID_LGKXBOFX.jpg,2
ID_LH53BYQA.jpg,1
ID_LH53BYQA.jpg,1
ID_LHNXYEZO.jpg,2
ID_LHNXYEZO.jpg,2
ID_LI19D9QL.jpg,0
ID_LIIILMZQ.jpg,1
ID_LIXRNQPK.jpg,1
ID_LIYXUYM7.jpg,0
ID_LJ1SQ45Z.jpg,2
ID_LKEOREJB.jpg,2
ID_LKEOREJB.jpg,2
ID_LKXF6A4I.jpg,2
ID_LL5ZGSH1.jpg,2
ID_LLG182PO.jpg,2
ID_LLG182PO.jpg,2
ID_LMF4MRE4.jpg,1
ID_LMHKJYPU.jpg,2
ID_LMK7GB3Y.jpg,1
ID_LMU1D9EO.jpg,0
ID_LMVRSLGH.jpg,2
ID_LMXJAXF8.jpg,2
ID_LN96KNGJ.jpg,1
ID_LNXCI3X1.jpg,2
ID_LNZR9FFX.jpg,0
ID_LP4CKJVY.jpg,0
ID_LPJO2XWS.jpg,2
ID_LPKOXN3I.jpg,0
ID_LPW8WGEZ.jpg,0
ID_LPW8WGEZ.jpg,0
ID_LPWP1YQ3.jpg,0
ID_LQ0OY7SJ.jpg,1
ID_LQBSXIR8.jpg,1
ID_LRQ9RETA.jpg,1
ID_LS895MAI.jpg,1
ID_LSPFLEJ7.jpg,1
ID_LSR21HPE.jpg,0
ID_LU87S5SX.jpg,2
ID_LU87S5SX.jpg,2
ID_LU87S5SX.jpg,2
ID_LUDCE0JO.jpg,2
ID_LV7VR6LJ.jpg,1
ID_LVJA898F.jpg,1
ID_LVKWR692.jpg,2
ID_LVYFDVOG.jpg,2
ID_LW28S01P.jpg,0
ID_LW2VECAR.jpg,1
ID_LXOF57RW.jpg,0
ID_LXRB5TOY.jpg,1
ID_LXS9O756.jpg,0
ID_LY0JD7EB.jpg,0
ID_LYQCNW7V.jpg,2
ID_LYQCNW7V.jpg,2
ID_LYQCNW7V.jpg,2
ID_LYTXMN39.jpg,0
ID_LZI2KVVE.jpg,2
ID_LZI2KVVE.jpg,2
ID_LZI2KVVE.jpg,2
ID_LZI2KVVE.jpg,2
ID_LZI2KVVE.jpg,2
ID_LZKV1KIG.jpg,2
ID_LZKV1KIG.jpg,2
ID_M0WYZTQP.jpg,1
ID_M19FB4BO.jpg,2
ID_M2LTYBMG.jpg,2
ID_M2LTYBMG.jpg,2
ID_M2LTYBMG.jpg,2
ID_M2SCIGMF.jpg,0
ID_M34YFAR2.jpg,2
ID_M34YFAR2.jpg,2
ID_M34YFAR2.jpg,2
ID_M34YFAR2.jpg,2
ID_M34YFAR2.jpg,2
ID_M35NYNUO.jpg,0
ID_M3C43ZU4.jpg,2
ID_M3EJ895F.jpg,0
ID_M3MXHZWH.jpg,0
ID_M436BDPM.jpg,1
ID_M4F97PA9.jpg,0
ID_M4SFJ83O.jpg,1
ID_M4W0WT5E.jpg,0
ID_M4W0WT5E.jpg,0
ID_M6ERQBNU.jpg,1
ID_M6ERQBNU.jpg,1
ID_M6KUEPFT.jpg,2
ID_M6NWU7F0.jpg,0
ID_M8GVLK6P.jpg,2
ID_M8QFLM3D.jpg,0
ID_M8RD48QF.jpg,2
ID_M9DIFAQH.jpg,0
ID_M9FNL93F.jpg,1
ID_M9Z3QWU2.jpg,2
ID_M9Z3QWU2.jpg,2
ID_MA7SZFFX.jpg,1
ID_MAAA5BSN.jpg,2
ID_MAAA5BSN.jpg,2
ID_MAFMRSL7.jpg,1
ID_MAFMRSL7.jpg,1
ID_MAMPN1WR.jpg,0
ID_MBAZGYB8.jpg,2
ID_MBAZGYB8.jpg,2
ID_MBS6KEV7.jpg,2
ID_MCU8TNZB.jpg,1
ID_MCZEAPKH.jpg,0
ID_MD8T9T75.jpg,2
ID_MDNMXL5F.jpg,2
ID_MDNMXL5F.jpg,2
ID_MEIGM545.jpg,0
ID_MEIGM545.jpg,0
ID_MERD5ZZ2.jpg,2
ID_MESCCRH9.jpg,0
ID_MFKCAMVV.jpg,1
ID_MFMKDOSO.jpg,2
ID_MFMKDOSO.jpg,2
ID_MFMKDOSO.jpg,2
ID_MG7299JW.jpg,0
ID_MHGZR491.jpg,0
ID_MHJ7KRT9.jpg,2
ID_MHJ7KRT9.jpg,2
ID_MHVNWBDN.jpg,2
ID_MHX1NQJ5.jpg,1
ID_MHX1NQJ5.jpg,1
ID_MHYVCCZK.jpg,0
ID_MHZIQSGS.jpg,0
ID_MI06P4DM.jpg,0
ID_MI06P4DM.jpg,0
ID_MI6U497O.jpg,1
ID_MIHWQ5NP.jpg,1
ID_MIM886M2.jpg,0
ID_MIVXIKYA.jpg,1
ID_MIW4QYO9.jpg,1
ID_MJOKX86A.jpg,1
ID_MK3BZT9T.jpg,0
ID_MKNBTQ30.jpg,1
ID_MKZ1WARA.jpg,0
ID_MKZ1WARA.jpg,0
ID_ML0QV47X.jpg,0
ID_MLLXJWTV.jpg,0
ID_MLP4LKSZ.jpg,0
ID_MMCU0528.jpg,2
ID_MMCU0528.jpg,2
ID_MMCU0528.jpg,2
ID_MME7ND1N.jpg,2
ID_MMS2EKIF.jpg,0
ID_MP5TK8IN.jpg,2
ID_MP8F4XGE.jpg,0
ID_MPIRJ5NW.jpg,0
ID_MPIRJ5NW.jpg,0
ID_MQ61M9BG.jpg,0
ID_MQ61M9BG.jpg,0
ID_MQ9WRYN7.jpg,0
ID_MQNXAZT5.jpg,1
ID_MQULJG06.jpg,2
ID_MQXUA3J5.jpg,0
ID_MQXUA3J5.jpg,0
ID_MRFJ3TFC.jpg,1
ID_MRFJ3TFC.jpg,1
ID_MRQCXCKU.jpg,1
ID_MRSL28QB.jpg,0
ID_MS643UZ0.jpg,2
ID_MTB688YZ.jpg,2
ID_MTB688YZ.jpg,2
ID_MUB3AV7V.jpg,0
ID_MUEUA9GB.jpg,0
ID_MUKF09OM.jpg,2
ID_MUT1YMVX.jpg,1
ID_MVK05QRB.jpg,0
ID_MVNBKNQR.jpg,0
ID_MWBHKRB7.jpg,0
ID_MWBHKRB7.jpg,0
ID_MWIKDNA9.jpg,2
ID_MWIKDNA9.jpg,2
ID_MWVYBNMZ.jpg,2
ID_MX7LW27D.jpg,2
ID_MY0JQW3G.jpg,0
ID_MYTQVVRK.jpg,0
ID_MZ1LNEY2.jpg,1
ID_MZZCZF7Q.jpg,0
ID_N0966RUF.jpg,0
ID_N0AA1F4K.jpg,2
ID_N0AA1F4K.jpg,2
ID_N0AA1F4K.jpg,2
ID_N0AA1F4K.jpg,2
ID_N0N4SFZB.jpg,2
ID_N0PTB19R.jpg,0
ID_N0PTB19R.jpg,0
ID_N17FCMRL.jpg,2
ID_N1KM63QP.jpg,1
ID_N1SHBP17.jpg,1
ID_N1V9XLUZ.jpg,2
ID_N1Z2UNHW.jpg,2
ID_N1Z2UNHW.jpg,2
ID_N2BCJOSL.jpg,2
ID_N2T043K7.jpg,0
ID_N2WWN62S.jpg,1
ID_N2WWN62S.jpg,1
ID_N34XHJ38.jpg,2
ID_N36STVG9.jpg,1
ID_N36STVG9.jpg,1
ID_N4RERK0Q.jpg,2
ID_N63UC0GK.jpg,0
ID_N6ACWM1G.jpg,1
ID_N7DFXZU6.jpg,2
ID_N8CI5II6.jpg,1
ID_N93U8HHA.jpg,1
ID_N93U8HHA.jpg,1
ID_NA16ISDV.jpg,0
ID_NALGW36U.jpg,0
ID_NALGW36U.jpg,0
ID_NAO9SSLN.jpg,0
ID_NAWJ72DZ.jpg,0
ID_NAXPVUEV.jpg,1
ID_NAXUSF6Z.jpg,1
ID_NBTH4AWC.jpg,2
ID_NBTH4AWC.jpg,2
ID_NBTH4AWC.jpg,2
ID_NC1T20ZX.jpg,2
ID_NC1T20ZX.jpg,2
ID_NC1T20ZX.jpg,2
ID_NC3DHLM2.jpg,0
ID_NC4GH07X.jpg,2
ID_NC4GH07X.jpg,2
ID_NC4GH07X.jpg,2
ID_NC5M10RL.jpg,2
ID_NC5M10RL.jpg,2
ID_NCXRHK4H.jpg,2
ID_NCXRHK4H.jpg,2
ID_NCXRHK4H.jpg,2
ID_NCXRHK4H.jpg,2
ID_NDMYIJEX.jpg,1
ID_NDWAEPL5.jpg,2
ID_NDWAEPL5.jpg,2
ID_NEGEI3I0.jpg,2
ID_NEH9CCZR.jpg,0
ID_NEZA1DIR.jpg,0
ID_NFATIPCJ.jpg,1
ID_NFSG40V0.jpg,1
ID_NG5QW6TI.jpg,2
ID_NGLQ5ZOW.jpg,2
ID_NHLRFWH4.jpg,1
ID_NI9FNZFW.jpg,0
ID_NI9FNZFW.jpg,0
ID_NIFV2YBP.jpg,1
ID_NIFV2YBP.jpg,1
ID_NIUW5BP8.jpg,0
ID_NJ9GHTLI.jpg,0
ID_NJDLSTJB.jpg,1
ID_NJTQYM7G.jpg,0
ID_NK09UYOO.jpg,1
ID_NKDX8MAC.jpg,2
ID_NKONAW4W.jpg,2
ID_NL1OUABN.jpg,0
ID_NL2HE1IF.jpg,2
ID_NMSKO02F.jpg,2
ID_NMUEFP8R.jpg,1
ID_NN8MYUE4.jpg,2
ID_NN8MYUE4.jpg,2
ID_NNXPXX8V.jpg,2
ID_NO0BU5D1.jpg,0
ID_NO61TUW5.jpg,1
ID_NOV9C3VT.jpg,2
ID_NOV9C3VT.jpg,2
ID_NOV9C3VT.jpg,2
ID_NQ661S6N.jpg,0
ID_NRA4O1L1.jpg,0
ID_NRR0HC03.jpg,2
ID_NRR0HC03.jpg,2
ID_NRTP3CPI.jpg,1
ID_NRVR7VTG.jpg,1
ID_NS9MXIV3.jpg,1
ID_NSS0M7QD.jpg,0
ID_NT218F70.jpg,1
ID_NT49IMM4.jpg,1
ID_NUCDUWAC.jpg,2
ID_NUFEGQLO.jpg,0
ID_NUGI351B.jpg,0
ID_NV5DWIVO.jpg,2
ID_NVD9N4OQ.jpg,2
ID_NVMHSEDV.jpg,1
ID_NX0MB5FQ.jpg,1
ID_NXA50UY0.jpg,1
ID_NXV3AUNU.jpg,0
ID_NYIMS0EZ.jpg,2
ID_NYJ4Q9AE.jpg,2
ID_NYJ4Q9AE.jpg,2
ID_NYTLYI9J.jpg,1
ID_NZQDOKQ3.jpg,2
ID_NZUN7IGZ.jpg,1
ID_O00PN7KA.jpg,2
ID_O0Y177G4.jpg,2
ID_O1FJ3VTL.jpg,1
ID_O1GV9IMH.jpg,2
ID_O1GV9IMH.jpg,2
ID_O1TVZCTG.jpg,2
ID_O1TVZCTG.jpg,2
ID_O2VYQNCG.jpg,0
ID_O2WRHXKZ.jpg,1
ID_O35FTLN1.jpg,2
ID_O3XM1GUV.jpg,2
ID_O3XM1GUV.jpg,2
ID_O41Y03SA.jpg,2
ID_O46A7CS4.jpg,1
ID_O4QBJUDB.jpg,0
ID_O5FYJ7ON.jpg,0
ID_O5FYJ7ON.jpg,0
ID_O6884389.jpg,0
ID_O693XZ3F.jpg,2
ID_O693XZ3F.jpg,2
ID_O693XZ3F.jpg,2
ID_O6ZK3WX0.jpg,2
ID_O6ZK3WX0.jpg,2
ID_O6ZK3WX0.jpg,2
ID_O6ZK3WX0.jpg,2
ID_O7CBQUJG.jpg,2
ID_O81PT4VW.jpg,0
ID_O81PT4VW.jpg,0
ID_O87C15H9.jpg,2
ID_OA9ES5HG.jpg,2
ID_OATJ6SH2.jpg,1
ID_OB7KBPYQ.jpg,2
ID_OBK5J0WU.jpg,1
ID_OBK5J0WU.jpg,1
ID_OBPR9JSU.jpg,1
ID_OBPR9JSU.jpg,1
ID_OBSSARQR.jpg,0
ID_OBSSARQR.jpg,0
ID_OBSSARQR.jpg,0
ID_OBVQIK7H.jpg,2
ID_OBVQIK7H.jpg,2
ID_OCV5QRJL.jpg,0
ID_OE0YT1TR.jpg,2
ID_OE18IX9F.jpg,2
ID_OE18IX9F.jpg,2
ID_OE98HLF0.jpg,2
ID_OEMKWVGR.jpg,0
ID_OF0P1C2V.jpg,2
ID_OF0P1C2V.jpg,2
ID_OF0P1C2V.jpg,2
ID_OF0P1C2V.jpg,2
ID_OFQTNFSN.jpg,1
ID_OFRP5O4J.jpg,2
ID_OFUPA4Z8.jpg,0
ID_OFUPA4Z8.jpg,0
ID_OH8420G4.jpg,0
ID_OH8420G4.jpg,0
ID_OJ01VYTV.jpg,1
ID_OJG8B270.jpg,2
ID_OKRJCUBE.jpg,0
ID_OL29HSHC.jpg,2
ID_OL29HSHC.jpg,2
ID_OLG0B1L0.jpg,0
ID_OMAWN57F.jpg,0
ID_OMFVWU1T.jpg,2
ID_OMIIAVU6.jpg,0
ID_OMIIAVU6.jpg,0
ID_OMMGHY7I.jpg,0
ID_OMMKQQZN.jpg,1
ID_OMRCIVC2.jpg,0
ID_OMVXHVAW.jpg,1
ID_OMWDI4TM.jpg,0
ID_ON2LK5J2.jpg,2
ID_ONG9B9NQ.jpg,1
ID_OO8BZOD7.jpg,1
ID_OPK8LAXF.jpg,1
ID_OPNZDG7D.jpg,0
ID_OQ3TNSFP.jpg,1
ID_OQ99VD45.jpg,1
ID_OQOD2JBS.jpg,1
ID_OQOD2JBS.jpg,1
ID_OQOD2JBS.jpg,1
ID_OQTHBCFQ.jpg,0
ID_OQVIQDJ1.jpg,1
ID_OR4MA2AE.jpg,2
ID_OR9JZO5G.jpg,2
ID_OR9JZO5G.jpg,2
ID_ORH2AGA1.jpg,1
ID_OS2P4D3O.jpg,1
ID_OSKEM7TE.jpg,2
ID_OSKEM7TE.jpg,2
ID_OT8C86RM.jpg,0
ID_OT8C86RM.jpg,0
ID_OU245ZPI.jpg,0
ID_OUWPMF19.jpg,2
ID_OV2NOWVB.jpg,2
ID_OVJW9FAF.jpg,2
ID_OVT5HYTQ.jpg,1
ID_OW60IQE0.jpg,0
ID_OX2YGI1U.jpg,2
ID_OXX4PBRH.jpg,0
ID_OXYG9KWH.jpg,0
ID_OYN556Y0.jpg,2
ID_OYN556Y0.jpg,2
ID_OYN556Y0.jpg,2
ID_OYN556Y0.jpg,2
ID_OYN556Y0.jpg,2
ID_OZJHL0RN.jpg,1
ID_P04054G7.jpg,0
ID_P256MDRF.jpg,2
ID_P2ROJAOC.jpg,2
ID_P3FKIAVF.jpg,1
ID_P3MMBNAY.jpg,2
ID_P3UPDOCR.jpg,2
ID_P3UPDOCR.jpg,2
ID_P3UPDOCR.jpg,2
ID_P3ZYBNGN.jpg,0
ID_P4YR8CCG.jpg,2
ID_P5N906OU.jpg,2
ID_P5N906OU.jpg,2
ID_P6KW30DQ.jpg,0
ID_P6KW30DQ.jpg,0
ID_P8JSR29P.jpg,1
ID_PAEXSU1A.jpg,1
ID_PALLHD0G.jpg,0
ID_PAS929JE.jpg,1
ID_PBFU0DJC.jpg,1
ID_PCIXY0F3.jpg,0
ID_PCN64LGF.jpg,2
ID_PD460ZBS.jpg,2
ID_PD460ZBS.jpg,2
ID_PD460ZBS.jpg,2
ID_PDCC4BZZ.jpg,0
ID_PDUTW7X0.jpg,1
ID_PEHQ4XTA.jpg,2
ID_PEHQ4XTA.jpg,2
ID_PEHQ4XTA.jpg,2
ID_PEHQ4XTA.jpg,2
ID_PEHUUQ78.jpg,2
ID_PEWA5PLQ.jpg,2
ID_PF003ZQ8.jpg,0
ID_PF003ZQ8.jpg,0
ID_PF1C3O4O.jpg,1
ID_PF4UGF08.jpg,1
ID_PFDI7ZZ5.jpg,2
ID_PFK690CY.jpg,1
ID_PFW4Z1BS.jpg,1
ID_PFZ6YMEJ.jpg,0
ID_PGGGIUIE.jpg,2
ID_PGGGIUIE.jpg,2
ID_PGJBWTEU.jpg,0
ID_PHAQTBKL.jpg,2
ID_PHBR3BCX.jpg,0
ID_PHLA3VM0.jpg,0
ID_PHLA3VM0.jpg,0
ID_PIRILRIC.jpg,1
ID_PJFJ59VQ.jpg,0
ID_PJZSQZUQ.jpg,2
ID_PK31HU7D.jpg,1
ID_PK51MOGK.jpg,1
ID_PLTG046T.jpg,2
ID_PLTG046T.jpg,2
ID_PLTJDJGZ.jpg,2
ID_PLZ3D1NG.jpg,1
ID_PM06ZGKT.jpg,2
ID_PMA5U1KL.jpg,2
ID_PMIWUJTW.jpg,1
ID_PNFAKT5U.jpg,0
ID_PNFAKT5U.jpg,0
ID_POARN298.jpg,2
ID_POARN298.jpg,2
ID_POARN298.jpg,2
ID_PP3TOQPR.jpg,1
ID_PP3TOQPR.jpg,1
ID_PP8UPKRC.jpg,0
ID_PP8UPKRC.jpg,0
ID_PR6UQVOG.jpg,0
ID_PRFZGUBH.jpg,2
ID_PRNXA83S.jpg,0
ID_PSRO81NZ.jpg,0
ID_PTG0IJJU.jpg,2
ID_PTG0IJJU.jpg,2
ID_PTTUWVMQ.jpg,0
ID_PU2T56XW.jpg,1
ID_PU3EI0MX.jpg,0
ID_PU3EI0MX.jpg,0
ID_PUU7X4PH.jpg,0
ID_PUUMEIY1.jpg,0
ID_PV17W7XC.jpg,1
ID_PV5C0QEK.jpg,0
ID_PV68BKKL.jpg,2
ID_PV68BKKL.jpg,2
ID_PV8IHW5A.jpg,1
ID_PVCY9JMA.jpg,2
ID_PWLRCRUP.jpg,1
ID_PWMT3ST4.jpg,1
ID_PWUF9ARY.jpg,0
ID_PXU8N52Z.jpg,1
ID_PXU8N52Z.jpg,1
ID_PYB661ZW.jpg,1
ID_PYB661ZW.jpg,1
ID_PYLE1PI8.jpg,2
ID_PYLE1PI8.jpg,2
ID_PYOA8NMF.jpg,2
ID_PYOA8NMF.jpg,2
ID_PZDVXHLW.jpg,0
ID_PZMFXRQ5.jpg,1
ID_PZMFXRQ5.jpg,1
ID_PZOGUCNU.jpg,0
ID_PZOGUCNU.jpg,0
ID_PZOGUCNU.jpg,0
ID_Q0VPH93F.jpg,0
ID_Q1RBZO2N.jpg,1
ID_Q1RBZO2N.jpg,1
ID_Q1V4R7F3.jpg,2
ID_Q217GZNQ.jpg,1
ID_Q24H99VZ.jpg,1
ID_Q25ZLECN.jpg,1
ID_Q2RKN5SL.jpg,2
ID_Q34E9FN6.jpg,0
ID_Q3P10Z5O.jpg,1
ID_Q3XIH91I.jpg,0
ID_Q3XIH91I.jpg,0
ID_Q43PVKVM.jpg,0
ID_Q43PVKVM.jpg,0
ID_Q4EWRELK.jpg,0
ID_Q4EWRELK.jpg,0
ID_Q4N4ZG23.jpg,1
ID_Q5GOWXYP.jpg,1
ID_Q5J6ZCYJ.jpg,2
ID_Q5O8E6BE.jpg,2
ID_Q5O8E6BE.jpg,2
ID_Q6A87X5F.jpg,2
ID_Q6A87X5F.jpg,2
ID_Q6IUMYK1.jpg,0
ID_Q6JRZOVG.jpg,2
ID_Q7E3XZRK.jpg,2
ID_Q7R1GVQD.jpg,2
ID_Q8J92INP.jpg,1
ID_Q8XWNS30.jpg,2
ID_Q9CE2JFO.jpg,0
ID_Q9LZE37Y.jpg,2
ID_Q9TYUK31.jpg,0
ID_QADAY053.jpg,2
ID_QADAY053.jpg,2
ID_QB1I9A95.jpg,0
ID_QB2MFTHV.jpg,2
ID_QB5WXN4P.jpg,2
ID_QB69PYOQ.jpg,2
ID_QB6TA6UB.jpg,1
ID_QBHZO5U5.jpg,1
ID_QBK2JIJT.jpg,1
ID_QBS7BZ93.jpg,1
ID_QCD3H0BP.jpg,2
ID_QCEEOVYL.jpg,1
ID_QDIIY3UA.jpg,0
ID_QDIIY3UA.jpg,0
ID_QDLLNNUS.jpg,0
ID_QE92MQVV.jpg,1
ID_QED03WWR.jpg,2
ID_QELRXSTK.jpg,0
ID_QENGV381.jpg,0
ID_QF539J89.jpg,2
ID_QF539J89.jpg,2
ID_QFEQW6DO.jpg,1
ID_QFMU5UCQ.jpg,0
ID_QFMU5UCQ.jpg,0
ID_QG7RGXS8.jpg,0
ID_QGN3V74Y.jpg,0
ID_QI8OHV8K.jpg,1
ID_QII966TO.jpg,1
ID_QIWWJDAZ.jpg,1
ID_QJ4GDTB8.jpg,0
ID_QJ5V7K9P.jpg,0
ID_QJ5V7K9P.jpg,0
ID_QJDXJRI9.jpg,1
ID_QJRMMV99.jpg,1
ID_QJRMMV99.jpg,1
ID_QJVBKNG0.jpg,1
ID_QKIYPZFZ.jpg,2
ID_QKIYPZFZ.jpg,2
ID_QKIYPZFZ.jpg,2
ID_QLHZUKRN.jpg,1
ID_QLHZUKRN.jpg,1
ID_QLNVQ8PH.jpg,0
ID_QLO81MYL.jpg,1
ID_QLO81MYL.jpg,1
ID_QLOQ73GA.jpg,2
ID_QMDK7HW2.jpg,0
ID_QMDK7HW2.jpg,0
ID_QMV9Y4OG.jpg,2
ID_QMV9Y4OG.jpg,2
ID_QMV9Y4OG.jpg,2
ID_QMVYJR99.jpg,2
ID_QMVYJR99.jpg,2
ID_QN51MIMV.jpg,1
ID_QN51MIMV.jpg,1
ID_QN74SCJN.jpg,0
ID_QNRTAG1I.jpg,1
ID_QOGZLIYC.jpg,1
ID_QOICQYTE.jpg,2
ID_QOSJK5QY.jpg,0
ID_QOW50CRB.jpg,1
ID_QOWP0SVP.jpg,1
ID_QOZJII44.jpg,0
ID_QP6C3MZI.jpg,0
ID_QPUXFISF.jpg,0
ID_QQJGXRLQ.jpg,0
ID_QQPZIJU1.jpg,2
ID_QRBREM71.jpg,0
ID_QRBREM71.jpg,0
ID_QRERTBR0.jpg,0
ID_QRI4F3WI.jpg,2
ID_QS6V465N.jpg,0
ID_QSDCEHVS.jpg,0
ID_QSLXJW6A.jpg,1
ID_QTPRNIS2.jpg,1
ID_QU2DFB2G.jpg,0
ID_QUO0Q9Q8.jpg,0
ID_QUO0Q9Q8.jpg,0
ID_QVJR6DUE.jpg,2
ID_QWYRANF9.jpg,0
ID_QXCHNR4I.jpg,0
ID_QXQWYOMC.jpg,2
ID_QYERJFU6.jpg,0
ID_QYERJFU6.jpg,0
ID_QYS6WB46.jpg,1
ID_QZ0AJ5S1.jpg,2
ID_QZ0AJ5S1.jpg,2
ID_QZE9YTT5.jpg,2
ID_QZY97ZBP.jpg,0
ID_R01VQSXC.jpg,0
ID_R04T1IPP.jpg,2
ID_R0UEKTT1.jpg,2
ID_R0UEKTT1.jpg,2
ID_R0UEKTT1.jpg,2
ID_R0UEKTT1.jpg,2
ID_R1GKZMN2.jpg,1
ID_R1NW12C0.jpg,0
ID_R1SNDFA8.jpg,2
ID_R1SNDFA8.jpg,2
ID_R255C568.jpg,1
ID_R255C568.jpg,1
ID_R28FCLBT.jpg,2
ID_R28FCLBT.jpg,2
ID_R2HCGJ18.jpg,0
ID_R2HUFQXK.jpg,1
ID_R2HUFQXK.jpg,1
ID_R2HUFQXK.jpg,1
ID_R3ADQ53X.jpg,1
ID_R3K3BS61.jpg,0
ID_R3K3BS61.jpg,0
ID_R3K4T9X0.jpg,1
ID_R3OIXVDF.jpg,2
ID_R3OIXVDF.jpg,2
ID_R417RBJ2.jpg,0
ID_R4SS55QX.jpg,0
ID_R6II6DCM.jpg,1
ID_R6II6DCM.jpg,1
ID_R6MQQE14.jpg,2
ID_R7E33GRD.jpg,1
ID_R7E33GRD.jpg,1
ID_R7GF24Z5.jpg,1
ID_R7QUAVE1.jpg,0
ID_R9CV4FTH.jpg,0
ID_R9CV4FTH.jpg,0
ID_R9DMT61F.jpg,1
ID_R9ZJ18A1.jpg,2
ID_R9ZJ18A1.jpg,2
ID_R9ZJ18A1.jpg,2
ID_RAD6OLB7.jpg,0
ID_RAJOX0XD.jpg,0
ID_RAQSDZJV.jpg,1
ID_RB5SQX95.jpg,1
ID_RBZ3AXFL.jpg,1
ID_RC5BGDDK.jpg,1
ID_RCXW4BN2.jpg,2
ID_RD5XZHDT.jpg,2
ID_RDITBYKN.jpg,0
ID_REUH3UVC.jpg,1
ID_REX2WR3E.jpg,1
ID_RG2VRWKI.jpg,0
ID_RG96DIRE.jpg,1
ID_RGC9OM7H.jpg,2
ID_RGND0BTX.jpg,1
ID_RI3LV16T.jpg,1
ID_RIYGVOZO.jpg,2
ID_RIYGVOZO.jpg,2
ID_RJ3LSRMC.jpg,0
ID_RJINIBMD.jpg,0
ID_RJUJXCE9.jpg,1
ID_RKXVXK6R.jpg,2
ID_RL3VPPN1.jpg,0
ID_RLC0QDVK.jpg,2
ID_RLCND4U0.jpg,1
ID_RM00M8V2.jpg,1
ID_RM8RBJAK.jpg,2
ID_RM8RBJAK.jpg,2
ID_RMAWVCMW.jpg,0
ID_RMQ84CDX.jpg,1
ID_RNCX1WS6.jpg,1
ID_RO8PBGV9.jpg,1
ID_RO8PBGV9.jpg,1
ID_RPA9RR7F.jpg,0
ID_RPBRH14N.jpg,1
ID_RPBZB14Q.jpg,0
ID_RQ1W1751.jpg,0
ID_RQKTUDO8.jpg,0
ID_RQL1JHB6.jpg,1
ID_RRXW2G28.jpg,0
ID_RSHF3D9M.jpg,0
ID_RSIE0HOK.jpg,2
ID_RSJB1K8K.jpg,0
ID_RSWADXPQ.jpg,2
ID_RSWADXPQ.jpg,2
ID_RT5NS2HJ.jpg,0
ID_RVCFA7XJ.jpg,0
ID_RVZ9HK3R.jpg,2
ID_RX4XTLFP.jpg,1
ID_RXR03JML.jpg,0
ID_RYEQCFGL.jpg,2
ID_RYW9N4UI.jpg,1
ID_RZCZRIS9.jpg,0
ID_RZNL5IO7.jpg,2
ID_S01LRHOO.jpg,1
ID_S0I1SBAX.jpg,0
ID_S0I1SBAX.jpg,0
ID_S13X3LKS.jpg,2
ID_S1AJL0Z6.jpg,0
ID_S1AJL0Z6.jpg,0
ID_S1HAXCMG.jpg,2
ID_S1HAXCMG.jpg,2
ID_S1IGAEYY.jpg,2
ID_S1IGAEYY.jpg,2
ID_S1KWBZYL.jpg,0
ID_S1KWBZYL.jpg,0
ID_S2CV90Z4.jpg,2
ID_S2CV90Z4.jpg,2
ID_S2E5AWWB.jpg,1
ID_S2NIY3PV.jpg,2
ID_S3KY2X40.jpg,0
ID_S4PU55SU.jpg,2
ID_S6H2G76J.jpg,2
ID_S6H2G76J.jpg,2
ID_S6H2G76J.jpg,2
ID_S6JW8ZBB.jpg,0
ID_S77ETRNX.jpg,2
ID_S8769DHX.jpg,2
ID_S8HLVQO2.jpg,2
ID_S8PX4RXI.jpg,0
ID_S9PSOQN6.jpg,1
ID_S9V130GX.jpg,1
ID_S9V130GX.jpg,1
ID_S9V130GX.jpg,1
ID_S9VTYGM8.jpg,2
ID_SA09MATC.jpg,0
ID_SAC97ABM.jpg,0
ID_SAI2ORRX.jpg,1
ID_SAJXY4UM.jpg,0
ID_SAK8B84A.jpg,2
ID_SAK8B84A.jpg,2
ID_SAUWALX7.jpg,2
ID_SAUWALX7.jpg,2
ID_SAZJ5XZ0.jpg,2
ID_SB06XPNC.jpg,2
ID_SBDOGA74.jpg,2
ID_SBJY8HOB.jpg,0
ID_SBYABFWB.jpg,0
ID_SBYABFWB.jpg,0
ID_SC5983ZN.jpg,1
ID_SC5983ZN.jpg,1
ID_SCAOFWGT.jpg,0
ID_SCI50QLI.jpg,0
ID_SCK8NNWC.jpg,1
ID_SCM0PZDB.jpg,1
ID_SCN2JX7C.jpg,0
ID_SCO3IVR0.jpg,2
ID_SD0F581V.jpg,1
ID_SDN1MCF5.jpg,0
ID_SDO550XG.jpg,1
ID_SEQDB05U.jpg,1
ID_SEVBGE3Z.jpg,0
ID_SF4MHKF9.jpg,2
ID_SF4MHKF9.jpg,2
ID_SF91AMOQ.jpg,1
ID_SFH4TOGS.jpg,0
ID_SFHZABLZ.jpg,2
ID_SHFT0J7T.jpg,1
ID_SHXFWRIS.jpg,1
ID_SI3XTLAZ.jpg,2
ID_SI41ZCFA.jpg,1
ID_SI8ZCG9L.jpg,2
ID_SIEJQ0VW.jpg,0
ID_SK1QPWG3.jpg,2
ID_SKHGIKLI.jpg,1
ID_SLJU3OI6.jpg,0
ID_SLRJYM1T.jpg,0
ID_SLT4RN83.jpg,1
ID_SLUUFJJD.jpg,2
ID_SLUUFJJD.jpg,2
ID_SMHXBXAM.jpg,0
ID_SMHXBXAM.jpg,0
ID_SMSIWHGO.jpg,0
ID_SMUA1W28.jpg,0
ID_SNCQZCL0.jpg,1
ID_SNEH67ML.jpg,0
ID_SNRF50J9.jpg,0
ID_SOJV4X59.jpg,0
ID_SOJV4X59.jpg,0
ID_SOYIXA6M.jpg,2
ID_SP2QZVI0.jpg,0
ID_SQ55M18D.jpg,0
ID_SQC5Q9NZ.jpg,0
ID_SQMMIVUM.jpg,1
ID_SQRAUXYF.jpg,0
ID_SQUFHAYL.jpg,0
ID_SSKX0JYU.jpg,2
ID_SSKX0JYU.jpg,2
ID_SSKX0JYU.jpg,2
ID_SSKX0JYU.jpg,2
ID_ST48UCPB.jpg,1
ID_STDTC11P.jpg,2
ID_STDTC11P.jpg,2
ID_STG91KAP.jpg,1
ID_SUFK0LXJ.jpg,1
ID_SUT4TJYW.jpg,1
ID_SUUDCJ32.jpg,2
ID_SV2FBE1B.jpg,0
ID_SV4MGNFL.jpg,0
ID_SV4MGNFL.jpg,0
ID_SV7ZF8UB.jpg,2
ID_SW5IROYF.jpg,2
ID_SW5IROYF.jpg,2
ID_SWEAZ3KW.jpg,1
ID_SWODB4W9.jpg,2
ID_SWWX3Z0T.jpg,1
ID_SY10JV1R.jpg,2
ID_SYD8DJRX.jpg,0
ID_SYD8DJRX.jpg,0
ID_T0E1R026.jpg,2
ID_T0E1R026.jpg,2
ID_T109VSZ0.jpg,2
ID_T1FJSQJT.jpg,2
ID_T2LLWUHE.jpg,2
ID_T2RYTHNG.jpg,0
ID_T3LGA1WX.jpg,1
ID_T3QMJ40M.jpg,1
ID_T3QMJ40M.jpg,1
ID_T3UBM65A.jpg,1
ID_T42GJYO2.jpg,2
ID_T4UVJCJI.jpg,1
ID_T5HS9P42.jpg,0
ID_T5M6FSGE.jpg,2
ID_T5SDJX5D.jpg,1
ID_T5SQ7SDE.jpg,0
ID_T60Z3UVL.jpg,1
ID_T6HSJZ40.jpg,1
ID_T6RLCD02.jpg,1
ID_T6TH8O57.jpg,2
ID_T6TH8O57.jpg,2
ID_T6TH8O57.jpg,2
ID_T73HFKTS.jpg,1
ID_T77XLK65.jpg,2
ID_T79LVTEK.jpg,2
ID_T79LVTEK.jpg,2
ID_T7GQMVYS.jpg,1
ID_T7OL9KH1.jpg,2
ID_T85UHWJB.jpg,1
ID_T9FVSH5O.jpg,0
ID_TAQ3NWZM.jpg,0
ID_TAQ3NWZM.jpg,0
ID_TAXKFJL2.jpg,0
ID_TB88FV54.jpg,2
ID_TCQMZ7TY.jpg,0
ID_TD7NU2BQ.jpg,1
ID_TD7NU2BQ.jpg,1
ID_TE823GDQ.jpg,0
ID_TEUN2D7E.jpg,2
ID_TEUN2D7E.jpg,2
ID_TEWKI8HG.jpg,1
ID_TEWKI8HG.jpg,1
ID_TF0T86XT.jpg,1
ID_TFLUE13H.jpg,2
ID_TFNBJ0OZ.jpg,1
ID_TGAGBTAS.jpg,2
ID_TGKNZZ8E.jpg,2
ID_TGRSO3YW.jpg,1
ID_THJVAMM1.jpg,2
ID_THJVAMM1.jpg,2
ID_THL4B72P.jpg,2
ID_TI1K7DVK.jpg,0
ID_TJ8VUYNG.jpg,0
ID_TJCJXOTV.jpg,2
ID_TJG2GC96.jpg,0
ID_TKLY10T9.jpg,0
ID_TL7THBYG.jpg,0
ID_TLUV5YPT.jpg,2
ID_TLWDWGY9.jpg,2
ID_TMGJ1RKN.jpg,2
ID_TNIJ324J.jpg,0
ID_TNVWSJZH.jpg,1
ID_TOYZ6195.jpg,2
ID_TP0UU2ZM.jpg,1
ID_TP0UU2ZM.jpg,1
ID_TP0UU2ZM.jpg,1
ID_TP2AWK4J.jpg,2
ID_TQ6OPCUY.jpg,2
ID_TQEA3ZHF.jpg,2
ID_TQL2DPI6.jpg,2
ID_TQM1T9G9.jpg,0
ID_TQMG91IT.jpg,2
ID_TQPC4RG9.jpg,0
ID_TQPC4RG9.jpg,0
ID_TR2NL31C.jpg,1
ID_TSZYQ2S7.jpg,2
ID_TTWDHCY1.jpg,2
ID_TTWDHCY1.jpg,2
ID_TTWDHCY1.jpg,2
ID_TTWDHCY1.jpg,2
ID_TV5CI3PK.jpg,2
ID_TV5CI3PK.jpg,2
ID_TWX5RNPP.jpg,1
ID_TWYX8YUB.jpg,2
ID_TXCDPPZC.jpg,1
ID_TXCDPPZC.jpg,1
ID_TXD1N56C.jpg,0
ID_TY188LL9.jpg,1
ID_TY3YFC73.jpg,2
ID_TY3YFC73.jpg,2
ID_TZ4Q1AB3.jpg,0
ID_TZ4Q1AB3.jpg,0
ID_U0BORBC3.jpg,0
ID_U0BORBC3.jpg,0
ID_U0BORBC3.jpg,0
ID_U0E186XT.jpg,0
ID_U0O1REGN.jpg,2
ID_U0O1REGN.jpg,2
ID_U13FKQAG.jpg,2
ID_U13FKQAG.jpg,2
ID_U15995AI.jpg,0
ID_U15995AI.jpg,0
ID_U19OO9L8.jpg,1
ID_U1GH2VNQ.jpg,0
ID_U1IBK9ES.jpg,0
ID_U1KGN1UD.jpg,0
ID_U1LJZPBL.jpg,1
ID_U1TVGPHG.jpg,0
ID_U3CN23XX.jpg,2
ID_U3KG877T.jpg,1
ID_U4DPJ37H.jpg,0
ID_U4H18OYB.jpg,1
ID_U4QJBX7Y.jpg,0
ID_U58HRYW3.jpg,2
ID_U58HRYW3.jpg,2
ID_U58HRYW3.jpg,2
ID_U58HRYW3.jpg,2
ID_U59SHWUR.jpg,1
ID_U59SHWUR.jpg,1
ID_U5JWCEN8.jpg,1
ID_U5WW487S.jpg,1
ID_U8Z135KB.jpg,0
ID_U9FV77F6.jpg,2
ID_U9FV77F6.jpg,2
ID_UADVN5MS.jpg,0
ID_UAI0AKRS.jpg,1
ID_UAPMDP5L.jpg,2
ID_UAPMDP5L.jpg,2
ID_UAPMDP5L.jpg,2
ID_UB6ALXS3.jpg,2
ID_UBG8HN66.jpg,2
ID_UCL2KWT4.jpg,0
ID_UCL2KWT4.jpg,0
ID_UCTJE2O2.jpg,2
ID_UCTJE2O2.jpg,2
ID_UCUSAE92.jpg,0
ID_UEJCEURL.jpg,1
ID_UF2F7MSV.jpg,2
ID_UF4JW2OR.jpg,2
ID_UF4JW2OR.jpg,2
ID_UFLBVICF.jpg,0
ID_UFS93FHA.jpg,1
ID_UG1HVPOY.jpg,2
ID_UG9POBCO.jpg,2
ID_UG9POBCO.jpg,2
ID_UG9POBCO.jpg,2
ID_UG9POBCO.jpg,2
ID_UGC23CAD.jpg,2
ID_UGYNZYUD.jpg,0
ID_UGYNZYUD.jpg,0
ID_UH2FJ9G8.jpg,0
ID_UHBCN0CW.jpg,1
ID_UHEHI57A.jpg,2
ID_UHEHI57A.jpg,2
ID_UHEHI57A.jpg,2
ID_UJ5GXRRJ.jpg,2
ID_UJCI2NYN.jpg,0
ID_UJMDDIJG.jpg,1
ID_UJMDDIJG.jpg,1
ID_UJSUXGMI.jpg,1
ID_UKP30XUZ.jpg,0
ID_ULH2D0RP.jpg,1
ID_ULHWI8FH.jpg,1
ID_ULI01K8Y.jpg,1
ID_ULV7DX29.jpg,1
ID_ULX91CBT.jpg,1
ID_UM7IXS6G.jpg,2
ID_UMANKCNK.jpg,0
ID_UN02TT43.jpg,0
ID_UN16YMNB.jpg,2
ID_UN3ARG1Y.jpg,0
ID_UNBUU03L.jpg,1
ID_UO5OZC7Y.jpg,2
ID_UOQ0QD4D.jpg,0
ID_UOV5BXO7.jpg,2
ID_UOV5BXO7.jpg,2
ID_UP1SD442.jpg,0
ID_UPGS0KMY.jpg,2
ID_UPGS0KMY.jpg,2
ID_UPHMHYUV.jpg,1
ID_UPQX4KAF.jpg,0
ID_UPWACKZI.jpg,2
ID_UQ8W9NEP.jpg,2
ID_UQ8W9NEP.jpg,2
ID_UQKEQWCG.jpg,1
ID_URGLD4ZF.jpg,2
ID_URY1H0TA.jpg,0
ID_URY1H0TA.jpg,0
ID_US9NBRTV.jpg,2
ID_US9NBRTV.jpg,2
ID_USBCNMW8.jpg,0
ID_USBCNMW8.jpg,0
ID_UT29MYYQ.jpg,0
ID_UT2VJVG8.jpg,2
ID_UT2VJVG8.jpg,2
ID_UTBXDBKF.jpg,2
ID_UTBXDBKF.jpg,2
ID_UTBXDBKF.jpg,2
ID_UUJIE0VO.jpg,1
ID_UUVKXOJC.jpg,2
ID_UV8O4X5J.jpg,2
ID_UV8O4X5J.jpg,2
ID_UVDMSYKR.jpg,0
ID_UVDMSYKR.jpg,0
ID_UWBM3EVN.jpg,2
ID_UWT8B7UV.jpg,1
ID_UXE8XOX4.jpg,0
ID_UYNMZTHE.jpg,0
ID_UZNRYRBS.jpg,0
ID_UZTG1C8Q.jpg,1
ID_UZW9EP5A.jpg,2
ID_V0FG8M6T.jpg,2
ID_V0FG8M6T.jpg,2
ID_V0FSBEU4.jpg,2
ID_V1BIJNXQ.jpg,0
ID_V1THJGAR.jpg,1
ID_V2K473XZ.jpg,0
ID_V2K473XZ.jpg,0
ID_V37DMAX1.jpg,0
ID_V37DMAX1.jpg,0
ID_V37DMAX1.jpg,0
ID_V397ZLHA.jpg,1
ID_V4CBWUKE.jpg,1
ID_V4FQX8EQ.jpg,0
ID_V5DUK3OI.jpg,2
ID_V5LB8Z19.jpg,2
ID_V5P01TFC.jpg,2
ID_V62T5V0J.jpg,2
ID_V62T5V0J.jpg,2
ID_V6LUH6N4.jpg,0
ID_V74WJ327.jpg,0
ID_V774P3VD.jpg,1
ID_V7ATSGTB.jpg,0
ID_V7CCAXBD.jpg,1
ID_V7M815NI.jpg,2
ID_V82MU91J.jpg,2
ID_V82MU91J.jpg,2
ID_V8SSQ7RT.jpg,2
ID_V8SSQ7RT.jpg,2
ID_V8SSQ7RT.jpg,2
ID_V9DWG7IG.jpg,0
ID_V9R6R83H.jpg,1
ID_VAIF1D3I.jpg,0
ID_VBJLFA0X.jpg,1
ID_VBNK92DU.jpg,1
ID_VC605H4L.jpg,1
ID_VCKGLHAB.jpg,0
ID_VCR408IM.jpg,0
ID_VD42AZ36.jpg,1
ID_VD42AZ36.jpg,1
ID_VD80UF2K.jpg,0
ID_VDA1AXHB.jpg,1
ID_VDIWYJEX.jpg,2
ID_VDIWYJEX.jpg,2
ID_VDIWYJEX.jpg,2
ID_VE32PWLQ.jpg,2
ID_VFR2215O.jpg,1
ID_VGC640LH.jpg,2
ID_VHMLYL8G.jpg,0
ID_VHSAGQT0.jpg,1
ID_VI61FRM3.jpg,2
ID_VIJALQ3P.jpg,0
ID_VIO0JJ1L.jpg,2
ID_VIPC6NFI.jpg,1
ID_VKLYCFBP.jpg,0
ID_VL5LP2E8.jpg,2
ID_VLB6XEA0.jpg,1
ID_VM7Z6Q15.jpg,0
ID_VMOG97KP.jpg,2
ID_VMR926X8.jpg,1
ID_VMX82A4X.jpg,0
ID_VN0V30HZ.jpg,1
ID_VNC7H6RU.jpg,1
ID_VNFUKC0G.jpg,0
ID_VNFUKC0G.jpg,0
ID_VOTL0W6A.jpg,2
ID_VPH8GEH1.jpg,2
ID_VPH8GEH1.jpg,2
ID_VQJ22IF3.jpg,2
ID_VQJ22IF3.jpg,2
ID_VQJ22IF3.jpg,2
ID_VQLXK021.jpg,1
ID_VQLXK021.jpg,1
ID_VQLXK021.jpg,1
ID_VRRYJ4Z3.jpg,0
ID_VRRYJ4Z3.jpg,0
ID_VRY5YMIG.jpg,1
ID_VRY5YMIG.jpg,1
ID_VT3OJTEA.jpg,0
ID_VTN4T8BX.jpg,1
ID_VU1NWSRV.jpg,1
ID_VUCEYILY.jpg,2
ID_VUI5FTZU.jpg,2
ID_VUI5FTZU.jpg,2
ID_VUIVQKJH.jpg,1
ID_VUIVQKJH.jpg,1
ID_VV28S0ZB.jpg,0
ID_VV3X613N.jpg,0
ID_VVP7MUF1.jpg,1
ID_VVRGKQV0.jpg,1
ID_VWOR2VVN.jpg,0
ID_VWQR5IHS.jpg,0
ID_VWQR5IHS.jpg,0
ID_VXC4TJ1N.jpg,2
ID_VYDRO8EF.jpg,1
ID_VYDSS8LH.jpg,1
ID_VYYP4T0B.jpg,0
ID_VYYZJDJZ.jpg,1
ID_VZ22HPH5.jpg,0
ID_VZI4K1U1.jpg,1
ID_W0AT225N.jpg,0
ID_W0CEQUJE.jpg,0
ID_W0TAYSXW.jpg,1
ID_W16KC03K.jpg,1
ID_W18N80QY.jpg,2
ID_W18N80QY.jpg,2
ID_W18N80QY.jpg,2
ID_W18N80QY.jpg,2
ID_W1MIUD5A.jpg,1
ID_W27A4Y58.jpg,0
ID_W2978FAY.jpg,2
ID_W2978FAY.jpg,2
ID_W2JUD52L.jpg,1
ID_W2SRKS57.jpg,0
ID_W3B818RF.jpg,1
ID_W3JVC2H1.jpg,1
ID_W3WCJ5M9.jpg,1
ID_W45MABUG.jpg,2
ID_W45MABUG.jpg,2
ID_W45MABUG.jpg,2
ID_W4D040KC.jpg,2
ID_W4YTMPY7.jpg,2
ID_W53T7MQX.jpg,2
ID_W53T7MQX.jpg,2
ID_W55OG8PK.jpg,2
ID_W5H9LKBE.jpg,2
ID_W5HRWRVS.jpg,1
ID_W5HRWRVS.jpg,1
ID_W5I4TIBS.jpg,0
ID_W5L43N5R.jpg,2
ID_W5L43N5R.jpg,2
ID_W5L43N5R.jpg,2
ID_W5TH2VCC.jpg,0
ID_W7B3WEEN.jpg,2
ID_W7E3DJUI.jpg,0
ID_W7E3DJUI.jpg,0
ID_W7IRCFCO.jpg,0
ID_W80D8I96.jpg,1
ID_W8W5656L.jpg,2
ID_WA6GJS0Z.jpg,2
ID_WAOSR03R.jpg,2
ID_WB94S8V0.jpg,0
ID_WBTBX43L.jpg,1
ID_WBV2DCRU.jpg,0
ID_WC2C59L7.jpg,1
ID_WDFUJGF2.jpg,2
ID_WDTPCCEE.jpg,0
ID_WDU6SZV1.jpg,0
ID_WE5UZ5WK.jpg,0
ID_WE9P470E.jpg,0
ID_WEFP5XVQ.jpg,2
ID_WEUZSSZS.jpg,2
ID_WEYVKYPY.jpg,0
ID_WF1MOMNH.jpg,1
ID_WFHB8BLU.jpg,1
ID_WFM4KYXO.jpg,2
ID_WFYDQBNM.jpg,1
ID_WGS6RRMT.jpg,1
ID_WHL06XF8.jpg,2
ID_WHL06XF8.jpg,2
ID_WHL06XF8.jpg,2
ID_WHL06XF8.jpg,2
ID_WHR5L25T.jpg,2
ID_WIE9AP3X.jpg,2
ID_WJFXI1AE.jpg,0
ID_WJGCKUV1.jpg,2
ID_WK5U9ZHG.jpg,1
ID_WKG6GLI3.jpg,0
ID_WL70P8VJ.jpg,2
ID_WLCHQMUH.jpg,1
ID_WLH4AJSI.jpg,2
ID_WLKCNJI6.jpg,1
ID_WLTR390R.jpg,1
ID_WMPMBT9T.jpg,1
ID_WN6ZR24S.jpg,0
ID_WN7T5BX1.jpg,2
ID_WNIEK97H.jpg,0
ID_WP0OB6LW.jpg,0
ID_WPIA2TGW.jpg,2
ID_WPJ79JFF.jpg,1
ID_WPWX6ABQ.jpg,0
ID_WQ3X5XJD.jpg,0
ID_WQG2GE6U.jpg,1
ID_WQPA9RJP.jpg,1
ID_WQSG0ML1.jpg,1
ID_WQSG0ML1.jpg,1
ID_WRFUO3DV.jpg,0
ID_WRK59U3S.jpg,0
ID_WS85HBIQ.jpg,0
ID_WS9DSRE4.jpg,2
ID_WS9DSRE4.jpg,2
ID_WS9DSRE4.jpg,2
ID_WSBGEWV8.jpg,1
ID_WT1CDFVF.jpg,1
ID_WT1CRGZL.jpg,2
ID_WT1CRGZL.jpg,2
ID_WT1CRGZL.jpg,2
ID_WTD2PHKP.jpg,1
ID_WTHMMQJ9.jpg,0
ID_WTJPT07L.jpg,1
ID_WTKXO8PY.jpg,2
ID_WUIWCGKT.jpg,2
ID_WUIWCGKT.jpg,2
ID_WW719XDD.jpg,2
ID_WWX8VMUY.jpg,2
ID_WZEFTZ6E.jpg,2
ID_WZKFT70Q.jpg,2
ID_WZL35B2H.jpg,1
ID_WZQIOQZ8.jpg,2
ID_WZVTROE4.jpg,2
ID_X0M9A1F4.jpg,2
ID_X0M9A1F4.jpg,2
ID_X14X7Y0X.jpg,2
ID_X1MYEGIE.jpg,2
ID_X2M3VS8V.jpg,2
ID_X2ZTI41K.jpg,1
ID_X3KL2O3Z.jpg,0
ID_X3TWY3DG.jpg,1
ID_X419JZGX.jpg,0
ID_X419JZGX.jpg,0
ID_X4C27EN3.jpg,0
ID_X4QD0NVW.jpg,1
ID_X50YQTPD.jpg,1
ID_X54YFNDL.jpg,1
ID_X65M9Z1M.jpg,1
ID_X66Q5VZO.jpg,0
ID_X67ZWA9U.jpg,2
ID_X6G4RP5B.jpg,2
ID_X6G4RP5B.jpg,2
ID_X6KTZJSK.jpg,0
ID_X7DM76AS.jpg,0
ID_X7GVQ6UI.jpg,1
ID_X7WNWA8Z.jpg,1
ID_X81ISDTZ.jpg,0
ID_X8Y36GK0.jpg,0
ID_X8Y36GK0.jpg,0
ID_X95G6PXA.jpg,1
ID_X9I2H1BY.jpg,1
ID_XAY5D6T0.jpg,1
ID_XBKI8GFQ.jpg,1
ID_XCF6OM6V.jpg,0
ID_XCI2IJ5D.jpg,2
ID_XCNLEUTH.jpg,2
ID_XEMG90OT.jpg,2
ID_XEMG90OT.jpg,2
ID_XEMG90OT.jpg,2
ID_XEMG90OT.jpg,2
ID_XEMG90OT.jpg,2
ID_XEVI8INP.jpg,0
ID_XEVI8INP.jpg,0
ID_XHBSGK6C.jpg,1
ID_XHDEKJQW.jpg,1
ID_XHGOFSEE.jpg,0
ID_XHGOFSEE.jpg,0
ID_XID3TRNG.jpg,1
ID_XIP8RKME.jpg,1
ID_XJHQ0WUJ.jpg,1
ID_XJVFC2ZZ.jpg,2
ID_XJVFC2ZZ.jpg,2
ID_XJVFC2ZZ.jpg,2
ID_XK680IF3.jpg,1
ID_XKIAE57O.jpg,2
ID_XKIAE57O.jpg,2
ID_XKIAE57O.jpg,2
ID_XLJYUVBF.jpg,1
ID_XM776DMU.jpg,2
ID_XMMMNQ53.jpg,0
ID_XMSG7TR8.jpg,2
ID_XMSG7TR8.jpg,2
ID_XNPO95F8.jpg,0
ID_XO5W4C9T.jpg,2
ID_XOJI86JY.jpg,1
ID_XOOLQOE7.jpg,2
ID_XOOLQOE7.jpg,2
ID_XOOLQOE7.jpg,2
ID_XPJFJC5J.jpg,1
ID_XQ1NBK81.jpg,1
ID_XQUK69SQ.jpg,1
ID_XR3W588Z.jpg,1
ID_XRC4264Q.jpg,0
ID_XRC4264Q.jpg,0
ID_XRCSMVAJ.jpg,0
ID_XSM00NVU.jpg,2
ID_XSXFK5YK.jpg,1
ID_XTOQDCE1.jpg,2
ID_XUF7RHJJ.jpg,0
ID_XVSWEIT9.jpg,1
ID_XWCXSRYK.jpg,0
ID_XWPNF4L3.jpg,0
ID_XWR2VWGU.jpg,0
ID_XXJQJU7N.jpg,2
ID_XXTDQX1H.jpg,1
ID_XYH2976G.jpg,0
ID_XZXGW3WZ.jpg,2
ID_Y0SYIVL2.jpg,0
ID_Y0WHV5LQ.jpg,1
ID_Y1DLAMAY.jpg,1
ID_Y1G0GXA5.jpg,2
ID_Y1G0GXA5.jpg,2
ID_Y1ITF485.jpg,2
ID_Y1XECFL7.jpg,2
ID_Y1XECFL7.jpg,2
ID_Y1XECFL7.jpg,2
ID_Y277F830.jpg,0
ID_Y277F830.jpg,0
ID_Y3XO4VJH.jpg,2
ID_Y4A679SQ.jpg,0
ID_Y5KVQHB0.jpg,0
ID_Y5YT9NMM.jpg,1
ID_Y5YT9NMM.jpg,1
ID_Y63N3F9W.jpg,1
ID_Y63N3F9W.jpg,1
ID_Y66TST9O.jpg,2
ID_Y6OTGCL0.jpg,2
ID_Y6Q3OZ74.jpg,1
ID_Y7A7FYWH.jpg,2
ID_Y7D56LVO.jpg,2
ID_Y7DQ9WZV.jpg,2
ID_Y7DQ9WZV.jpg,2
ID_Y7IM86G3.jpg,1
ID_Y93QD2AO.jpg,2
ID_Y9JQ8VPW.jpg,1
ID_Y9JQ8VPW.jpg,1
ID_Y9LOP5GU.jpg,0
ID_Y9LOP5GU.jpg,0
ID_Y9W588CV.jpg,0
ID_Y9W588CV.jpg,0
ID_Y9W588CV.jpg,0
ID_Y9W588CV.jpg,0
ID_YAD30PFB.jpg,0
ID_YAK7FO9Q.jpg,0
ID_YBDJLZAZ.jpg,1
ID_YC33DQCC.jpg,0
ID_YCOGT0U7.jpg,1
ID_YDU0GL9I.jpg,2
ID_YDV872HW.jpg,2
ID_YE424K5W.jpg,1
ID_YE424K5W.jpg,1
ID_YE6QR8TE.jpg,0
ID_YENLH1B7.jpg,1
ID_YF25OR6G.jpg,2
ID_YF25OR6G.jpg,2
ID_YFFM33J6.jpg,2
ID_YG19W6VP.jpg,0
ID_YG7VWBC4.jpg,1
ID_YGZNYMSY.jpg,0
ID_YH2YFZMB.jpg,0
ID_YH4KCW1O.jpg,1
ID_YHE40HYG.jpg,2
ID_YHOF2K5K.jpg,2
ID_YHOF2K5K.jpg,2
ID_YIM39NC6.jpg,2
ID_YIM39NC6.jpg,2
ID_YJAK82JN.jpg,0
ID_YJGK2JWM.jpg,0
ID_YJGK2JWM.jpg,0
ID_YJJ87RL0.jpg,0
ID_YJL1DMMK.jpg,1
ID_YJNI63Z9.jpg,2
ID_YK2C9SDW.jpg,1
ID_YK53OD6J.jpg,0
ID_YLG9OABW.jpg,2
ID_YLG9OABW.jpg,2
ID_YM2KTGQ3.jpg,0
ID_YMLXA7LN.jpg,0
ID_YMLXA7LN.jpg,0
ID_YMPVFZN5.jpg,1
ID_YP3YDN55.jpg,1
ID_YP4Y9NOF.jpg,0
ID_YP4Y9NOF.jpg,0
ID_YPNS5W24.jpg,2
ID_YPNS5W24.jpg,2
ID_YPRC4A95.jpg,0
ID_YPRC4A95.jpg,0
ID_YPT0T444.jpg,2
ID_YPT0T444.jpg,2
ID_YPX6J304.jpg,2
ID_YPX6J304.jpg,2
ID_YQWDJIBM.jpg,1
ID_YR1CF589.jpg,2
ID_YR1CF589.jpg,2
ID_YRNXIB29.jpg,0
ID_YRQGX44N.jpg,0
ID_YRZ0XY9B.jpg,1
ID_YS517YIF.jpg,2
ID_YS517YIF.jpg,2
ID_YS5O4LEE.jpg,2
ID_YSWFFHOS.jpg,1
ID_YT6PJWIL.jpg,0
ID_YT6SZG2G.jpg,1
ID_YTBRPUG7.jpg,0
ID_YTGV0NHQ.jpg,0
ID_YTJ0FFG9.jpg,0
ID_YTOH7SZ9.jpg,0
ID_YTQ7QO05.jpg,0
ID_YTWS1DTA.jpg,2
ID_YU54TZBJ.jpg,1
ID_YUJ1HG47.jpg,0
ID_YUJ1HG47.jpg,0
ID_YV4RL3E5.jpg,1
ID_YV7I0THR.jpg,2
ID_YV7I0THR.jpg,2
ID_YVC4CCKP.jpg,1
ID_YVCPD47I.jpg,0
ID_YVCPD47I.jpg,0
ID_YVCPD47I.jpg,0
ID_YVJA6R5W.jpg,2
ID_YVJA6R5W.jpg,2
ID_YVLXJBUB.jpg,0
ID_YVT4G2V9.jpg,2
ID_YXGAIMZ7.jpg,0
ID_YXS6AWS5.jpg,0
ID_YXTMPXMJ.jpg,0
ID_YXXEYNTK.jpg,2
ID_YY1X1U88.jpg,2
ID_YY7PGYV4.jpg,1
ID_YYCVVR10.jpg,2
ID_YYO3AJZC.jpg,0
ID_YYR67BXB.jpg,1
ID_YZ9PSQI2.jpg,0
ID_YZD41XDX.jpg,2
ID_Z00LXEZ3.jpg,0
ID_Z0NWXXKX.jpg,1
ID_Z14GFD3Y.jpg,1
ID_Z187J1A2.jpg,0
ID_Z1U0URK4.jpg,1
ID_Z2U3DE3U.jpg,2
ID_Z2U3DE3U.jpg,2
ID_Z3K42Y3D.jpg,0
ID_Z3L8HJPH.jpg,2
ID_Z4BE8FRS.jpg,2
ID_Z4BE8FRS.jpg,2
ID_Z5R3I7CB.jpg,1
ID_Z5S7N9D5.jpg,2
ID_Z5S7N9D5.jpg,2
ID_Z6KQ8Q9M.jpg,0
ID_Z79YV7CU.jpg,0
ID_Z7NIQV7B.jpg,2
ID_Z7NIQV7B.jpg,2
ID_Z7OP2M7R.jpg,1
ID_Z7SKV4NZ.jpg,1
ID_Z7TSJVXM.jpg,1
ID_Z7TSMXY5.jpg,1
ID_Z8443OV7.jpg,2
ID_Z8ARLFXX.jpg,1
ID_Z8TE1WRX.jpg,2
ID_Z8TE1WRX.jpg,2
ID_Z94HFRVF.jpg,2
ID_Z9R3XH80.jpg,0
ID_ZADNU40V.jpg,2
ID_ZAT9AO51.jpg,2
ID_ZAUV85BC.jpg,1
ID_ZAZVM2PC.jpg,1
ID_ZB4G0WSJ.jpg,0
ID_ZB5FCIKR.jpg,0
ID_ZBMDS38M.jpg,2
ID_ZC0ZRB6G.jpg,1
ID_ZC4ZZCSS.jpg,0
ID_ZDAKZCFV.jpg,0
ID_ZDAKZCFV.jpg,0
ID_ZDAM5RGI.jpg,2
ID_ZDTORNZS.jpg,2
ID_ZE5HQ4PV.jpg,0
ID_ZE79FT5Y.jpg,2
ID_ZFCSDXJP.jpg,0
ID_ZGKQ6EAH.jpg,0
ID_ZHDW1NFM.jpg,2
ID_ZHDW1NFM.jpg,2
ID_ZHNL5EEH.jpg,0
ID_ZHP0DMN6.jpg,2
ID_ZHP0DMN6.jpg,2
ID_ZHYZO4SX.jpg,0
ID_ZHZIGQ8N.jpg,0
ID_ZIAKM26Z.jpg,0
ID_ZIRH8NFY.jpg,2
ID_ZIWPJ09J.jpg,0
ID_ZIXOOWDJ.jpg,1
ID_ZJ2EY7J3.jpg,0
ID_ZJGAFKW9.jpg,2
ID_ZJQ3BR3J.jpg,0
ID_ZJQ3BR3J.jpg,0
ID_ZJXYP2SV.jpg,0
ID_ZKT1EACW.jpg,2
ID_ZLRZ8O12.jpg,0
ID_ZLXDT3LD.jpg,0
ID_ZM644VWD.jpg,1
ID_ZMALO9K3.jpg,1
ID_ZMLQK75D.jpg,1
ID_ZMQL9WN2.jpg,1
ID_ZN62973B.jpg,0
ID_ZNCIZESP.jpg,2
ID_ZNFDP3D7.jpg,2
ID_ZNFDP3D7.jpg,2
ID_ZNJQ3RJO.jpg,0
ID_ZOE9XLLG.jpg,2
ID_ZOE9XLLG.jpg,2
ID_ZOP6Y56S.jpg,1
ID_ZOQ7SYZI.jpg,2
ID_ZOQ7SYZI.jpg,2
ID_ZP9968KI.jpg,0
ID_ZPGOIPQB.jpg,0
ID_ZPN5MO29.jpg,2
ID_ZPN5MO29.jpg,2
ID_ZPPNB7D0.jpg,1
ID_ZPUPY7U2.jpg,2
ID_ZPZFX7D2.jpg,1
ID_ZQH2Q8L0.jpg,2
ID_ZQIA0XVQ.jpg,0
ID_ZREZGTWN.jpg,1
ID_ZREZGTWN.jpg,1
ID_ZRJBJ122.jpg,0
ID_ZSC2A6LO.jpg,1
ID_ZSC2A6LO.jpg,1
ID_ZT19ZNXY.jpg,0
ID_ZTMJ1SZR.jpg,2
ID_ZTMPMHIZ.jpg,0
ID_ZTQT7QME.jpg,2
ID_ZTQT7QME.jpg,2
ID_ZTQT7QME.jpg,2
ID_ZTQT7QME.jpg,2
ID_ZUT4UN5I.jpg,0
ID_ZUT4UN5I.jpg,0
ID_ZUT4UN5I.jpg,0
ID_ZUTJW58G.jpg,2
ID_ZVQRTWWC.jpg,0
ID_ZVSXUJSP.jpg,1
ID_ZWF3T8FA.jpg,1
ID_ZWTUUTWM.jpg,1
ID_ZWUH5ZF5.jpg,2
ID_ZWVWF22M.jpg,2
ID_ZYQFRA85.jpg,2
ID_ZYQFRA85.jpg,2
ID_ZZ0MWI19.jpg,1
ID_ZZ5YBO5A.jpg,2
ID_ZZAB1FH1.jpg,2
ID_ZZAB1FH1.jpg,2
ID_ZZJZ2CV6.jpg,2
ID_ZZJZ2CV6.jpg,2
ID_ZZO9KIH9.jpg,0
