ID_00G8K1V3.jpg,1
ID_01QZDXVQ.jpg,0
ID_02PX7GI8.jpg,1
ID_052XYWUM.jpg,0
ID_05A7I1ZP.jpg,0
ID_05R05ZLJ.jpg,2
ID_06EXUMWA.jpg,2
ID_06GLI7SR.jpg,2
ID_06N0H7F1.jpg,2
ID_07HGJOFB.jpg,2
ID_08K42EBS.jpg,1
ID_09C4OIQT.jpg,1
ID_0A1VFEP3.jpg,1
ID_0ACABJ4D.jpg,1
ID_0B07EJ8B.jpg,0
ID_0BFNU714.jpg,1
ID_0CXLC2N5.jpg,0
ID_0F7W3N7K.jpg,1
ID_0FP6JEZQ.jpg,2
ID_0GBCSTHR.jpg,2
ID_0H68C2ZJ.jpg,0
ID_0J2DOODF.jpg,2
ID_0LZMACHS.jpg,1
ID_0ONXVO0U.jpg,2
ID_0RYW3APB.jpg,2
ID_0S1J1BX0.jpg,0
ID_0SZ8CX5Z.jpg,1
ID_0U7IM2K7.jpg,2
ID_0X0QGVK3.jpg,0
ID_0XK8FIU7.jpg,1
ID_0XL4GFEG.jpg,1
ID_10FHV8KR.jpg,1
ID_12KXY85J.jpg,1
ID_130UKKIQ.jpg,0
ID_137V5ZGA.jpg,2
ID_13RO29TQ.jpg,2
ID_13S0X1B7.jpg,2
ID_155F7V9D.jpg,2
ID_15NA5PT4.jpg,2
ID_16NU2S2G.jpg,2
ID_18JZHIGV.jpg,0
ID_1AIDFP93.jpg,1
ID_1ASKO79S.jpg,0
ID_1CEUOSGT.jpg,0
ID_1I43PAA9.jpg,2
ID_1JHZ6RXA.jpg,1
ID_1JTBEMWD.jpg,1
ID_1OPNPBQE.jpg,1
ID_1OXALX7H.jpg,0
ID_1P9Q5HHU.jpg,0
ID_1PVZCA10.jpg,0
ID_1PW5GBQA.jpg,0
ID_1SK27OUD.jpg,1
ID_1TJA8V5E.jpg,2
ID_1UNUW01K.jpg,2
ID_1V75KS83.jpg,2
ID_1W1Z1QIX.jpg,1
ID_1W4RTQDL.jpg,2
ID_1XA2LAB1.jpg,0
ID_1XA8NPXU.jpg,1
ID_20Q8HDPS.jpg,1
ID_21A2KQNZ.jpg,0
ID_23958GHV.jpg,0
ID_24C2KD8D.jpg,1
ID_25EIO3CX.jpg,2
ID_2C4JC1JL.jpg,0
ID_2D0WEV5M.jpg,0
ID_2EKL5ROC.jpg,1
ID_2FYP4GA8.jpg,2
ID_2G5D55UU.jpg,2
ID_2I6G79ZY.jpg,2
ID_2MNKO8FO.jpg,0
ID_2MX07AGW.jpg,0
ID_2N1P3HYJ.jpg,2
ID_2NQ7PKJH.jpg,2
ID_2OZEHLDV.jpg,2
ID_2PHHZDJ2.jpg,1
ID_2PVLYA8N.jpg,0
ID_2QXI4Y59.jpg,0
ID_2RQE8VAW.jpg,2
ID_2TDV8NY4.jpg,0
ID_2TW1G4B1.jpg,2
ID_2TZLLT80.jpg,0
ID_2UQMICCQ.jpg,0
ID_2VYWY02J.jpg,2
ID_2WSBUC56.jpg,1
ID_2YCQM955.jpg,2
ID_2ZF4Y1EM.jpg,1
ID_32O8E5SW.jpg,1
ID_33SIJZZ1.jpg,2
ID_33U8YWUZ.jpg,2
ID_345IBGJ7.jpg,1
ID_35PUQZV7.jpg,0
ID_35QEDG07.jpg,0
ID_38GTS9IE.jpg,2
ID_39JB61CP.jpg,0
ID_3B9OEXFG.jpg,2
ID_3BD1WQYF.jpg,2
ID_3BP3U1CC.jpg,1
ID_3DQCK39C.jpg,1
ID_3EBD0745.jpg,0
ID_3F0741YJ.jpg,0
ID_3GQU7P0E.jpg,2
ID_3ILPAAVI.jpg,1
ID_3J03V2AO.jpg,0
ID_3J3DC4GN.jpg,2
ID_3J65CUTD.jpg,0
ID_3KC7ZD7V.jpg,2
ID_3KTOV4LI.jpg,0
ID_3KW8Q49V.jpg,2
ID_3L4U9LYI.jpg,2
ID_3O5CBFR9.jpg,1
ID_3PAEE2CB.jpg,1
ID_3Q9KG8IH.jpg,0
ID_3QAZ56E4.jpg,0
ID_3S29GI08.jpg,2
ID_3SZ8VYOT.jpg,1
ID_3THEMZOL.jpg,0
ID_3THLXN78.jpg,0
ID_3U2XTIWV.jpg,1
ID_3U69UM6K.jpg,1
ID_3VJP52ZX.jpg,0
ID_3VJTZ7Q7.jpg,2
ID_3XONRN3S.jpg,1
ID_3Z9N2QCC.jpg,1
ID_3ZVJE8K1.jpg,2
ID_445JLPJ3.jpg,2
ID_44PFAKMK.jpg,0
ID_45HOPU5L.jpg,2
ID_468AUOQP.jpg,2
ID_46NZS6UY.jpg,0
ID_471DVBUY.jpg,0
ID_47GT9TNM.jpg,0
ID_47HGHAI0.jpg,0
ID_47IUSLS9.jpg,2
ID_4B6RQO1D.jpg,2
ID_4C0GU17L.jpg,0
ID_4CC6Q35C.jpg,0
ID_4DBX5CGF.jpg,1
ID_4E9G0WT5.jpg,1
ID_4FXVGH4F.jpg,0
ID_4H0PHB7S.jpg,2
ID_4J55WK8L.jpg,2
ID_4JQ4KA2W.jpg,0
ID_4JQLR0PD.jpg,0
ID_4K3TLJA7.jpg,1
ID_4L6VNF39.jpg,2
ID_4MDO9AE9.jpg,0
ID_4N3KTG42.jpg,0
ID_4NEPJRXT.jpg,2
ID_4PWVU2YC.jpg,2
ID_4RKLYK8H.jpg,2
ID_4SV8BGBR.jpg,1
ID_4UO5E5E1.jpg,1
ID_4YNJNYMG.jpg,1
ID_52OKGU5P.jpg,2
ID_53P0BQZW.jpg,2
ID_541MSUCZ.jpg,1
ID_54BZIUTV.jpg,0
ID_54S0E84C.jpg,2
ID_56JASSJ5.jpg,2
ID_589QJNS8.jpg,2
ID_58GLPZDS.jpg,0
ID_592041C8.jpg,0
ID_5BPN4F3W.jpg,2
ID_5DYNOLDA.jpg,0
ID_5E16ZHYR.jpg,1
ID_5F587CS6.jpg,0
ID_5FOAWJV1.jpg,2
ID_5G3E0Z7Q.jpg,1
ID_5GT6LYKK.jpg,2
ID_5GW1GVOG.jpg,2
ID_5HIF2OU0.jpg,0
ID_5INWT7ST.jpg,1
ID_5LHMLZBK.jpg,2
ID_5LOTSJ2S.jpg,1
ID_5OGKS4XD.jpg,1
ID_5RJJWPAY.jpg,1
ID_5SHF75I6.jpg,0
ID_5T8FJKUH.jpg,2
ID_5UJYRU7C.jpg,0
ID_5UM5RHQV.jpg,1
ID_5VONL1IP.jpg,2
ID_5ZE87Q4J.jpg,2
ID_64AVZYQM.jpg,2
ID_64OR2I2E.jpg,1
ID_64P4YKJR.jpg,0
ID_64S2GR62.jpg,0
ID_65LYM4CJ.jpg,2
ID_68NSQIET.jpg,1
ID_6BW5G6I4.jpg,1
ID_6D050EM1.jpg,2
ID_6DGZC1ZP.jpg,2
ID_6E5VW6DC.jpg,1
ID_6EFOYN26.jpg,2
ID_6FV2KC24.jpg,2
ID_6G1U2MLH.jpg,1
ID_6G8JXIHQ.jpg,2
ID_6GCB35GZ.jpg,2
ID_6JXUV0G8.jpg,1
ID_6JYPDBR1.jpg,1
ID_6K6M2MQZ.jpg,0
ID_6NAGU5NW.jpg,2
ID_6NRU86OI.jpg,2
ID_6QGXPHA2.jpg,1
ID_6RGOWSNH.jpg,2
ID_6RIICD9D.jpg,2
ID_6SMFYYN0.jpg,2
ID_6VQUBF2M.jpg,2
ID_6VXDYYQU.jpg,2
ID_6WAGAOIA.jpg,2
ID_6WVM990D.jpg,1
ID_71NQ8YUX.jpg,0
ID_7283MUAT.jpg,0
ID_73107393.jpg,2
ID_746S9KJ1.jpg,2
ID_74AGE3MW.jpg,1
ID_76GZV0IT.jpg,1
ID_76N865QX.jpg,2
ID_77ISN3OI.jpg,1
ID_77NBZM9Z.jpg,1
ID_79UG6679.jpg,2
ID_7A4NYVSH.jpg,0
ID_7AKLLXPW.jpg,0
ID_7AWO4W41.jpg,1
ID_7B3P4EPK.jpg,2
ID_7BSW5O9L.jpg,0
ID_7BW1RO5D.jpg,2
ID_7C9JZK8D.jpg,2
ID_7CRFXNM7.jpg,0
ID_7EDZFDRU.jpg,2
ID_7H8URDAS.jpg,2
ID_7HQIH9J5.jpg,1
ID_7J9U3BM3.jpg,1
ID_7KQSGNWR.jpg,2
ID_7LSTN1ZE.jpg,1
ID_7Q2AVIGQ.jpg,0
ID_7STEGP8E.jpg,0
ID_7TG1EI2Y.jpg,0
ID_7UOFSO0A.jpg,0
ID_7V6PRK1A.jpg,2
ID_7VPC4OGA.jpg,0
ID_7ZL4ON97.jpg,0
ID_83TFXMXH.jpg,1
ID_84YYBA1Z.jpg,0
ID_85HCQ482.jpg,1
ID_86XAS9GG.jpg,2
ID_88EYF84E.jpg,0
ID_89AM89TM.jpg,2
ID_89F3ATRC.jpg,2
ID_8B7HLNW6.jpg,2
ID_8CGE2EXJ.jpg,0
ID_8COR9HT8.jpg,2
ID_8CP3AQNF.jpg,0
ID_8DIYG7HQ.jpg,0
ID_8E30BJ9C.jpg,1
ID_8E6DVDDV.jpg,0
ID_8GIWVE2C.jpg,0
ID_8H9DUEDO.jpg,2
ID_8H9SHPV0.jpg,1
ID_8IWYEHVQ.jpg,0
ID_8L0TX8HQ.jpg,2
ID_8O11NP4A.jpg,2
ID_8P1798EF.jpg,2
ID_8Q7UA593.jpg,0
ID_8SUD7LHG.jpg,1
ID_8T1LN7M4.jpg,1
ID_8U7V8W5Y.jpg,1
ID_8W2OKDYB.jpg,2
ID_8WYQJU42.jpg,0
ID_8WYVS9HR.jpg,0
ID_8XAHA8GC.jpg,2
ID_8Y4OTRHQ.jpg,2
ID_8YXCTWT1.jpg,2
ID_8YY1OE1J.jpg,1
ID_913CI17K.jpg,1
ID_92IZD262.jpg,0
ID_94RGAVWI.jpg,1
ID_99GUE51H.jpg,0
ID_9A13VXFO.jpg,0
ID_9CSJPFW1.jpg,2
ID_9ETH6XP6.jpg,1
ID_9F8ZJ2Q2.jpg,2
ID_9GE7GYPN.jpg,2
ID_9KKZBQIZ.jpg,1
ID_9LN5DRYT.jpg,1
ID_9LVRB9F0.jpg,2
ID_9M950MML.jpg,2
ID_9N443I0J.jpg,2
ID_9NLWENBZ.jpg,0
ID_9PJ8DNW0.jpg,2
ID_9PR52UAA.jpg,0
ID_9Q6MDMHE.jpg,2
ID_9R1HJ4RJ.jpg,1
ID_9RPIP8IR.jpg,0
ID_9UB2YSLO.jpg,2
ID_9UFPGRL6.jpg,1
ID_9WOL1COW.jpg,0
ID_9WOM7EG8.jpg,0
ID_9XEZD5TU.jpg,1
ID_9ZC4RGPT.jpg,1
ID_9ZN9VWAW.jpg,1
ID_A1BPG7AI.jpg,2
ID_A1V4FDVP.jpg,1
ID_A5X76JFD.jpg,0
ID_A6RK85EL.jpg,2
ID_A81NBWHM.jpg,1
ID_A83PA5NF.jpg,2
ID_A8L3YW3W.jpg,0
ID_A9C0G24H.jpg,0
ID_AAKN1W6I.jpg,0
ID_AARJYY0X.jpg,2
ID_ABFHYCM0.jpg,0
ID_AF7K88JS.jpg,2
ID_AG6HPCPH.jpg,2
ID_AG7IMTK1.jpg,2
ID_AL1PEWD9.jpg,0
ID_ALAQETBP.jpg,2
ID_ATT19QMF.jpg,2
ID_ATU9MZHC.jpg,1
ID_AV3XOYZ8.jpg,0
ID_AVK27ZRK.jpg,0
ID_AVO3XGS7.jpg,2
ID_AVS43L8A.jpg,2
ID_AX8NJ2VD.jpg,1
ID_AYESFQTT.jpg,2
ID_AYTQONH2.jpg,0
ID_AZJTB5QT.jpg,2
ID_B0K81GC2.jpg,2
ID_B1OG3VOT.jpg,0
ID_B20I79FN.jpg,1
ID_B39HSJDT.jpg,0
ID_B4VTCE82.jpg,0
ID_B5KTQ7O9.jpg,1
ID_B69NS8MC.jpg,2
ID_B6ADCCQ4.jpg,2
ID_B6JYQUQ1.jpg,2
ID_B7CV07VD.jpg,2
ID_B82N1VT8.jpg,1
ID_B8AZGMRD.jpg,2
ID_B9EUTU9O.jpg,0
ID_B9N53COX.jpg,2
ID_BBC83M1A.jpg,2
ID_BBD732TW.jpg,0
ID_BBM2R41E.jpg,1
ID_BDW2YPIN.jpg,1
ID_BEJDIF1J.jpg,2
ID_BFTOA39H.jpg,2
ID_BFXZQGSQ.jpg,2
ID_BGP03O8D.jpg,1
ID_BISJVERH.jpg,2
ID_BJO7XHP6.jpg,1
ID_BJX2PGBN.jpg,2
ID_BKIWTCCL.jpg,2
ID_BKRP5SKM.jpg,0
ID_BNVM3ZZE.jpg,0
ID_BODTC803.jpg,2
ID_BOP8F9YF.jpg,1
ID_BOVNW7B9.jpg,1
ID_BQ89RQ91.jpg,2
ID_BSHB3OKS.jpg,0
ID_BT0T8245.jpg,0
ID_BTKHUB4P.jpg,1
ID_BTPM4P2N.jpg,0
ID_BUAOGRCT.jpg,1
ID_BWJ7MGAC.jpg,1
ID_BX3XZN8K.jpg,0
ID_C049Y0U3.jpg,2
ID_C1A36KD0.jpg,0
ID_C5VQV1JQ.jpg,0
ID_C7QI8L56.jpg,2
ID_C8IFW7DG.jpg,0
ID_CBBXCYJJ.jpg,1
ID_CBHUIWEK.jpg,1
ID_CCKS91RM.jpg,0
ID_CCVEQR3T.jpg,0
ID_CE26P4MI.jpg,2
ID_CELPZ35K.jpg,1
ID_CF2XDMLK.jpg,2
ID_CFF446O3.jpg,2
ID_CN06U7KR.jpg,1
ID_CNJ0EL18.jpg,2
ID_CNT0IXHI.jpg,0
ID_CO4RSURQ.jpg,0
ID_CR6O9PNQ.jpg,2
ID_CUYW2FFK.jpg,1
ID_CV5CJ3P5.jpg,1
ID_CVHGP6Y8.jpg,1
ID_CX8LYG1T.jpg,1
ID_CXE8SXOR.jpg,2
ID_CZAQ7GCF.jpg,0
ID_CZTZ9W4H.jpg,0
ID_D00BU4AW.jpg,0
ID_D08DQQRV.jpg,0
ID_D08WTX1Z.jpg,1
ID_D3BH2WCD.jpg,2
ID_D3UOZULA.jpg,1
ID_D49HM5O4.jpg,0
ID_D4UD0ZSR.jpg,1
ID_D5GRKUYT.jpg,2
ID_D5QZXT52.jpg,2
ID_D7WK02EI.jpg,0
ID_DCHP721S.jpg,2
ID_DEKM6ZXA.jpg,0
ID_DFYEJ3XN.jpg,0
ID_DGZDG10X.jpg,1
ID_DHE6VCY0.jpg,0
ID_DJM27FEA.jpg,0
ID_DK2HWHEM.jpg,0
ID_DKXNR1QP.jpg,0
ID_DL62ZQBJ.jpg,2
ID_DNT0CSRH.jpg,2
ID_DO7TSGQ1.jpg,1
ID_DOREEUG3.jpg,1
ID_DPC958N2.jpg,0
ID_DTJ3G5FQ.jpg,0
ID_DTYRM4BY.jpg,1
ID_DVAKE88S.jpg,0
ID_DVHDCIHR.jpg,1
ID_DVTVMLF1.jpg,0
ID_DX1IK35J.jpg,0
ID_DY3J0AWJ.jpg,2
ID_DZU60FWU.jpg,2
ID_E0JVGH10.jpg,0
ID_E0QGU4DD.jpg,1
ID_E2724JQT.jpg,2
ID_E2R4K1IJ.jpg,1
ID_E4N1QZBG.jpg,1
ID_E6WQS39T.jpg,0
ID_E71JKA0R.jpg,2
