ID_055U1LPM.jpg,0
ID_058OQ45J.jpg,1
ID_05V8XX4L.jpg,0
ID_07MFGPW3.jpg,2
ID_0APCI9O1.jpg,2
ID_0C374A9P.jpg,1
ID_0CISYX8S.jpg,1
ID_0EPVFVTF.jpg,2
ID_0JAK8QSJ.jpg,2
ID_0NJZTSMZ.jpg,1
ID_0OK0ZGEJ.jpg,2
ID_0RBF0NUX.jpg,1
ID_0RTEJ69Z.jpg,0
ID_0TOSPSKI.jpg,1
ID_0U323BJY.jpg,1
ID_0VWM4W9V.jpg,0
ID_0WI80UEN.jpg,0
ID_0Y8I7N0K.jpg,2
ID_10UELAXU.jpg,2
ID_11MA23BO.jpg,2
ID_12NUBJO7.jpg,0
ID_13KLHZ84.jpg,2
ID_14WJ2G5F.jpg,2
ID_14XDYDIZ.jpg,0
ID_159F8L4G.jpg,0
ID_15I17L8O.jpg,0
ID_1A3M5B3O.jpg,1
ID_1AY9J44D.jpg,2
ID_1CHA3ARZ.jpg,1
ID_1FUN5QO7.jpg,2
ID_1GKLPEE0.jpg,2
ID_1H8XOHZ9.jpg,1
ID_1IPHLY2G.jpg,2
ID_1OR9OFJE.jpg,2
ID_1QJTM8EK.jpg,1
ID_1SNGD5AJ.jpg,0
ID_1TRGVSOQ.jpg,0
ID_1UMJ5PH5.jpg,1
ID_1UWEGMG3.jpg,2
ID_1ZR8Q5ZC.jpg,0
ID_21RGSB4L.jpg,0
ID_22K5V6RS.jpg,2
ID_22VX7XM4.jpg,2
ID_2305EPDR.jpg,2
ID_240AZND8.jpg,2
ID_25LJ6L49.jpg,1
ID_26YP8FYH.jpg,2
ID_291QS54Q.jpg,2
ID_2EJUF50U.jpg,0
ID_2FIKI366.jpg,0
ID_2G1WM3NV.jpg,1
ID_2I9GS5ZR.jpg,1
ID_2JIU73PO.jpg,1
ID_2KO4MFWQ.jpg,0
ID_2L1WNB9C.jpg,2
ID_2NKPKTA2.jpg,0
ID_2O5VOTOX.jpg,2
ID_2PPBA3TM.jpg,2
ID_2QO3WYMC.jpg,2
ID_2R7GIIIU.jpg,2
ID_2SC2GEPJ.jpg,2
ID_2SVFUY0W.jpg,2
ID_2TE259LV.jpg,1
ID_2UBV78D9.jpg,0
ID_2VUX3PJL.jpg,0
ID_2W7ETSNU.jpg,1
ID_2W7LJCBB.jpg,2
ID_2WIDX85G.jpg,2
ID_3104CTIJ.jpg,1
ID_32PV48JJ.jpg,0
ID_33FGDQU7.jpg,0
ID_33GIM5M1.jpg,1
ID_354G0XRK.jpg,0
ID_35MT41RN.jpg,0
ID_37CZ5R8K.jpg,2
ID_37RCK19G.jpg,2
ID_37VMABK6.jpg,0
ID_392CQB4K.jpg,2
ID_3A1PKYFB.jpg,0
ID_3AO4VH98.jpg,0
ID_3CO9XO2C.jpg,2
ID_3CRZPSD7.jpg,1
ID_3DJTYPOP.jpg,0
ID_3DLQRH53.jpg,1
ID_3ELNN150.jpg,2
ID_3EWHG1WM.jpg,2
ID_3F331IKG.jpg,2
ID_3F9Y4QDN.jpg,2
ID_3FMNTVTG.jpg,1
ID_3GCIKN2I.jpg,0
ID_3GZE0SCC.jpg,2
ID_3HQFJE5C.jpg,1
ID_3IS9T3FF.jpg,2
ID_3LX754WP.jpg,1
ID_3OK6N407.jpg,2
ID_3OTYB2MG.jpg,2
ID_3S9XFW8D.jpg,1
ID_3TBV5GIS.jpg,1
ID_3TKHS47B.jpg,2
ID_3UGNVS6C.jpg,2
ID_3VE1KD8T.jpg,2
ID_3VOJJYKD.jpg,2
ID_3W4ZJ3EZ.jpg,2
ID_3WMNU4YB.jpg,0
ID_3Y1CCMJN.jpg,0
ID_41AJ6ED9.jpg,2
ID_41J3TQ1B.jpg,2
ID_41JC26F6.jpg,0
ID_41OOBW4D.jpg,0
ID_41XP5NES.jpg,0
ID_420AKEHR.jpg,0
ID_4288G0RI.jpg,0
ID_42H3WNGM.jpg,0
ID_43HVEBRC.jpg,0
ID_43Q3PKOQ.jpg,0
ID_44ZHP9V7.jpg,2
ID_45KNXVUL.jpg,0
ID_46W7URDE.jpg,1
ID_48UWD6J2.jpg,0
ID_49XXO4YZ.jpg,1
ID_4BUINEDE.jpg,1
ID_4C4E4DKH.jpg,0
ID_4D5JK1YK.jpg,0
ID_4FS04JVE.jpg,0
ID_4J3FCPC8.jpg,0
ID_4KSPR0Q7.jpg,0
ID_4NCVLDHD.jpg,2
ID_4OQ7F7PC.jpg,2
ID_4P9HGM1S.jpg,0
ID_4R35QR51.jpg,2
ID_4T1WWKOK.jpg,0
ID_4VSZ97EK.jpg,1
ID_4WWFWOV7.jpg,0
ID_4XDYCRXV.jpg,2
ID_4Z16P9QC.jpg,2
ID_511WB5GU.jpg,2
ID_5271H3RI.jpg,2
ID_543D5GXQ.jpg,0
ID_58KEWW7S.jpg,2
ID_58LNK1NJ.jpg,2
ID_59BAIVO7.jpg,1
ID_5A1I12L6.jpg,0
ID_5BQBO2J0.jpg,0
ID_5BS801CH.jpg,0
ID_5G0Y46KD.jpg,0
ID_5H0RQ905.jpg,1
ID_5HN4PL8M.jpg,0
ID_5J5HSA2R.jpg,2
ID_5KG6ZA3R.jpg,1
ID_5LSWR9I5.jpg,2
ID_5LYPDPT8.jpg,2
ID_5MH8LRPX.jpg,1
ID_5MPNA3LI.jpg,0
ID_5NVOZH4A.jpg,0
ID_5O7MLN5C.jpg,0
ID_5PH8S6XV.jpg,0
ID_5Q3R85C7.jpg,1
ID_5UEMJI6J.jpg,2
ID_5W4WRHB5.jpg,0
ID_5Y1FJF3Z.jpg,1
ID_5YL9JW28.jpg,0
ID_64JZEN41.jpg,1
ID_64VVWO53.jpg,2
ID_65BD8M49.jpg,1
ID_660TLEBG.jpg,1
ID_66FB5PP0.jpg,2
ID_68RQZNK5.jpg,2
ID_6C0FAQJF.jpg,1
ID_6C1D9WAK.jpg,2
ID_6C3XM7AU.jpg,1
ID_6CN5EACU.jpg,0
ID_6DCWU3QK.jpg,1
ID_6DHI7WB5.jpg,1
ID_6DHXTKZF.jpg,1
ID_6EGDTA0Q.jpg,0
ID_6HFXEGBM.jpg,1
ID_6J2WWZOY.jpg,2
ID_6K7F8CW3.jpg,0
ID_6K8B28RP.jpg,1
ID_6KAPZ1WS.jpg,1
ID_6KKWFGSG.jpg,1
ID_6MYR0EHQ.jpg,1
ID_6NMQ266V.jpg,2
ID_6OQRWPX3.jpg,0
ID_6P3OEAWJ.jpg,0
ID_6RZB4W99.jpg,2
ID_6SGWRC0T.jpg,2
ID_6T0W6C3E.jpg,2
ID_6UEWWJEH.jpg,2
ID_6Y096CZN.jpg,0
ID_6YAM567A.jpg,0
ID_6YGR8HHU.jpg,0
ID_71TAG2JK.jpg,0
ID_72650RAQ.jpg,0
ID_75C07XBA.jpg,0
ID_75FQCWEH.jpg,2
ID_75TENN4A.jpg,0
ID_770Y7239.jpg,0
ID_7A4V2EBA.jpg,0
ID_7AVTEDK9.jpg,2
ID_7AW2POQV.jpg,2
ID_7HSE3IQY.jpg,2
ID_7HWO2KPP.jpg,0
ID_7I0YZKEA.jpg,2
ID_7QEZT2L2.jpg,0
ID_7QOEL6FG.jpg,0
ID_7R6P9LQZ.jpg,2
ID_7T3RVT1S.jpg,0
ID_7T7UE4UE.jpg,1
ID_7TQLHPTQ.jpg,2
ID_7UOJX1UV.jpg,1
ID_7V8VPR7E.jpg,0
ID_7X56MMVL.jpg,1
ID_875HSWJC.jpg,1
ID_87Y3YU1N.jpg,1
ID_8BJDTNQK.jpg,1
ID_8EO4PPM9.jpg,1
ID_8EV7CPYH.jpg,2
ID_8G2EUO58.jpg,2
ID_8GDO95VZ.jpg,2
ID_8HBETZM9.jpg,2
ID_8JELQJTB.jpg,1
ID_8L4DH5UQ.jpg,2
ID_8ORN0O9Z.jpg,1
ID_8Q6SL3X4.jpg,1
ID_8SV12B7U.jpg,0
ID_8TCOMPRQ.jpg,0
ID_8V8MPPY7.jpg,0
ID_8XDDDHT4.jpg,2
ID_8XMS1U5K.jpg,0
ID_8YMRXXUJ.jpg,0
ID_926W7DBB.jpg,1
ID_92RI9E3K.jpg,0
ID_94VSTABK.jpg,0
ID_95E61G06.jpg,0
ID_96APY1RM.jpg,0
ID_97DNQESV.jpg,1
ID_98WOK011.jpg,0
ID_994MG99S.jpg,2
ID_9BUPGYAE.jpg,1
ID_9DIFK5YV.jpg,0
ID_9DNC2KBB.jpg,0
ID_9EDJOYLS.jpg,1
ID_9F6F6XFS.jpg,2
ID_9FDD61VE.jpg,2
ID_9FLOTHSS.jpg,0
ID_9H3JZMBO.jpg,1
ID_9H6FNIT7.jpg,2
ID_9IASRNRM.jpg,1
ID_9IGTF1B5.jpg,1
ID_9JNXXBZH.jpg,0
ID_9LWJXP1K.jpg,1
ID_9MP1WCPR.jpg,0
ID_9O6YH9FX.jpg,1
ID_9OQ4QM6L.jpg,0
ID_9QG28TDU.jpg,0
ID_9QLOTAK2.jpg,0
ID_9R6FO43W.jpg,0
ID_9RXQFV4F.jpg,0
ID_9S1119O7.jpg,2
ID_9YCL9HDQ.jpg,0
ID_9YMIED0G.jpg,0
ID_9ZHSS6BC.jpg,0
ID_A1PRZ44I.jpg,2
ID_A22YAM9L.jpg,2
ID_A4Q0LTOZ.jpg,1
ID_A4ZB6Q48.jpg,2
ID_A6BF0RI8.jpg,1
ID_A6PDKKK6.jpg,2
ID_A7JRIITF.jpg,1
ID_A7N3ZI5F.jpg,2
ID_A89CMWA9.jpg,0
ID_A9YVFQG5.jpg,0
ID_AB1TH08Q.jpg,0
ID_ABDRJZO2.jpg,2
ID_ABXJXRPR.jpg,1
ID_AEXYY7EK.jpg,0
ID_AHO1AIHX.jpg,0
ID_AHPTF8ZP.jpg,2
ID_AKMMU5HH.jpg,2
ID_AKQ06LXH.jpg,0
ID_AOM6PQMB.jpg,0
ID_AP619P3C.jpg,1
ID_APK8HD33.jpg,1
ID_AQJZ1M0C.jpg,2
ID_ARWHI0AZ.jpg,1
ID_ASCGPAFI.jpg,1
ID_ASWWH3E5.jpg,1
ID_AUYI6KZC.jpg,0
ID_AV4E3IOJ.jpg,0
ID_AXZQYYKS.jpg,1
ID_AYE5F0MN.jpg,2
ID_AZ8QDWP8.jpg,2
ID_B1ABFYE9.jpg,1
ID_B3MURIER.jpg,1
ID_B9Y8193M.jpg,0
ID_BA1X7IPM.jpg,1
ID_BDR9X7W1.jpg,0
ID_BEAPQR72.jpg,1
ID_BEVNXVMY.jpg,2
ID_BH0H4RSC.jpg,0
ID_BHACH0NJ.jpg,1
ID_BICOJ2V0.jpg,1
ID_BIQJDRUC.jpg,1
ID_BLKH30IQ.jpg,0
ID_BMLKZP44.jpg,2
ID_BMUXY9LJ.jpg,1
ID_BNXM655Q.jpg,0
ID_BO1W9DNR.jpg,1
ID_BO80D8HU.jpg,2
ID_BP05HENI.jpg,0
ID_BTGUJGIS.jpg,1
ID_BTP2CIVB.jpg,0
ID_BUGXVTYW.jpg,0
ID_BV3KR0JR.jpg,1
ID_BW71BB93.jpg,0
ID_C11KO2RG.jpg,2
ID_C1C36AFI.jpg,2
ID_C1M1GT03.jpg,1
ID_C2RX0JE4.jpg,2
ID_C75JU6RB.jpg,2
ID_C9HZMTLU.jpg,0
ID_CACUAX71.jpg,2
ID_CB8WO85V.jpg,0
ID_CC0I3R63.jpg,0
ID_CC5AMIB1.jpg,0
ID_CCXCJUVY.jpg,0
ID_CDUCOOYF.jpg,2
ID_CEFU48LU.jpg,0
ID_CEJBW3KQ.jpg,2
ID_CF3BS5WL.jpg,2
ID_CISQO825.jpg,2
ID_CJ09XY4B.jpg,0
ID_CKPH0YL4.jpg,1
ID_CLC90C6D.jpg,0
ID_CM7JP3QF.jpg,1
ID_CMP14M1M.jpg,2
ID_CORQQ817.jpg,0
ID_CPDG72SX.jpg,1
ID_CPED1I2O.jpg,1
ID_CSDGQEOZ.jpg,1
ID_CSZ2OA73.jpg,1
ID_CUEZX2XJ.jpg,2
ID_CVEVIE91.jpg,1
ID_CX5GVYU2.jpg,0
ID_CX9TGFV0.jpg,2
ID_CXB21FMW.jpg,0
ID_CZGFVKLZ.jpg,2
ID_CZSW86Q7.jpg,0
ID_D16G83AW.jpg,0
ID_D1C3HFVZ.jpg,1
ID_D31E652C.jpg,2
ID_D3MYDBCY.jpg,1
ID_D3TDFEI1.jpg,2
ID_D58EN9IF.jpg,2
ID_D5L2M4JW.jpg,0
ID_D6MRH31G.jpg,0
ID_D7IK40NO.jpg,1
ID_D82I40M4.jpg,2
ID_D969SHZP.jpg,2
ID_DANG166N.jpg,2
ID_DB1SDYRW.jpg,1
ID_DEE0K7WO.jpg,1
ID_DGZ6LS51.jpg,1
ID_DHH6RKDV.jpg,0
ID_DITRRKDI.jpg,0
ID_DJ11W6CI.jpg,1
ID_DKK25PEB.jpg,0
ID_DLCQCTKS.jpg,2
ID_DM71CHB3.jpg,2
ID_DN4AI0ZZ.jpg,2
ID_DO9SBLTV.jpg,0
ID_DORK6Y8X.jpg,2
ID_DRV9G665.jpg,1
ID_DS3ZRA5P.jpg,2
ID_DSZW6VOU.jpg,2
ID_DU6JAO0J.jpg,1
ID_DUS9FCXO.jpg,1
ID_DVLOHHOL.jpg,1
ID_E1PQSM32.jpg,1
ID_E3TXPZVE.jpg,2
ID_E3YIKDJF.jpg,2
ID_E3Z10NW3.jpg,2
ID_E8BBC5N5.jpg,1
